date,close
4/26/2024,12.79
4/25/2024,13.04
4/24/2024,12.95
4/23/2024,12.94
4/22/2024,12.88
4/19/2024,12.14
4/18/2024,12.06
4/17/2024,12.04
4/16/2024,12.09
4/15/2024,12.23
4/12/2024,12.61
4/11/2024,13.04
4/10/2024,13.06
4/9/2024,13.54
4/8/2024,13.41
4/5/2024,13.28
4/4/2024,13.21
4/3/2024,13.65
4/2/2024,13.28
4/1/2024,13.29
3/28/2024,13.28
3/27/2024,13.06
3/26/2024,12.44
3/25/2024,12.9
3/22/2024,12.91
3/21/2024,12.92
3/20/2024,12.9
3/19/2024,12.3
3/18/2024,12.18
3/15/2024,12.06
3/14/2024,12.08
3/13/2024,12.37
3/12/2024,12.11
3/11/2024,12.11
3/8/2024,12.18
3/7/2024,12.41
3/6/2024,12.38
3/5/2024,12.58
3/4/2024,12.74
3/1/2024,12.45
2/29/2024,12.44
2/28/2024,12.3
2/27/2024,12
2/26/2024,11.95
2/23/2024,12.14
2/22/2024,12.12
2/21/2024,12.14
2/20/2024,12.25
2/16/2024,12.3
2/15/2024,12.52
2/14/2024,12.56
2/13/2024,12.68
2/12/2024,12.98
2/9/2024,12.68
2/8/2024,12.83
2/7/2024,12.8
2/6/2024,12.07
2/5/2024,11.59
2/2/2024,12.14
2/1/2024,12.1
1/31/2024,11.72
1/30/2024,11.78
1/29/2024,11.55
1/26/2024,11.39
1/25/2024,11.34
1/24/2024,11.03
1/23/2024,11.37
1/22/2024,11.2
1/19/2024,11.2
1/18/2024,10.99
1/17/2024,11.27
1/16/2024,11.46
1/12/2024,11.46
1/11/2024,11.71
1/10/2024,11.83
1/9/2024,11.84
1/8/2024,11.97
1/5/2024,11.85
1/4/2024,11.68
1/3/2024,11.71
1/2/2024,12.16
12/29/2023,12.19
12/28/2023,12.34
12/27/2023,12.39
12/26/2023,12.45
12/22/2023,12.35
12/21/2023,12.34
12/20/2023,11.8
12/19/2023,12.02
12/18/2023,11.93
12/15/2023,12.02
12/14/2023,12.08
12/13/2023,11.24
12/12/2023,11.16
12/11/2023,11.07
12/8/2023,11.01
12/7/2023,10.82
12/6/2023,10.69
12/5/2023,10.6
12/4/2023,10.7
12/1/2023,10.58
11/30/2023,10.26
11/29/2023,10.59
11/28/2023,10.37
11/27/2023,10.34
11/24/2023,10.4
11/22/2023,10.26
11/21/2023,10.19
11/20/2023,10.34
11/17/2023,10.27
11/16/2023,10.16
11/15/2023,10.47
11/14/2023,10.4
11/13/2023,9.82
11/10/2023,9.86
11/9/2023,9.7
11/8/2023,10.05
11/7/2023,10.17
11/6/2023,10.31
11/3/2023,10.56
11/2/2023,10.14
11/1/2023,9.91
10/31/2023,9.75
10/30/2023,9.77
10/27/2023,9.96
10/26/2023,11.35
10/25/2023,11.54
10/24/2023,11.39
10/23/2023,11.48
10/20/2023,11.64
10/19/2023,11.53
10/18/2023,11.75
10/17/2023,12.04
10/16/2023,11.93
10/13/2023,11.81
10/12/2023,12
10/11/2023,12.25
10/10/2023,12.2
10/9/2023,12.07
10/6/2023,12
10/5/2023,11.9
10/4/2023,11.99
10/3/2023,12.07
10/2/2023,12.31
9/29/2023,12.42
9/28/2023,12.56
9/27/2023,12.39
9/26/2023,12.43
9/25/2023,12.58
9/22/2023,12.43
9/21/2023,12.2
9/20/2023,12.36
9/19/2023,12.56
9/18/2023,12.34
9/15/2023,12.61
9/14/2023,12.62
9/13/2023,12.64
9/12/2023,12.45
9/11/2023,12.22
9/8/2023,12.3
9/7/2023,11.96
9/6/2023,12.07
9/5/2023,12.09
9/1/2023,12.14
8/31/2023,12.13
8/30/2023,12.03
8/29/2023,12.05
8/28/2023,11.9
8/25/2023,11.91
8/24/2023,11.75
8/23/2023,11.96
8/22/2023,11.87
8/21/2023,11.97
8/18/2023,11.96
8/17/2023,11.83
8/16/2023,11.81
8/15/2023,11.98
8/14/2023,12.2
8/11/2023,12.14
8/10/2023,12.16
8/9/2023,12.73
8/8/2023,12.88
8/7/2023,12.94
8/4/2023,12.89
8/3/2023,13.1
8/2/2023,13.04
8/1/2023,13.42
7/31/2023,13.21
7/28/2023,13.26
7/27/2023,13.73
7/26/2023,13.67
7/25/2023,13.58
7/24/2023,13.96
7/21/2023,13.93
7/20/2023,14.03
7/19/2023,14.1
7/18/2023,14.17
7/17/2023,14.09
7/14/2023,14.98
7/13/2023,15.19
7/12/2023,15.22
7/11/2023,15.23
7/10/2023,15.07
7/7/2023,14.98
7/6/2023,14.98
7/5/2023,15.35
7/3/2023,15.24
6/30/2023,15.13
6/29/2023,14.95
6/28/2023,14.79
6/27/2023,14.41
6/26/2023,14.11
6/23/2023,14.02
6/22/2023,14.19
6/21/2023,14.02
6/20/2023,14.22
6/16/2023,14.42
6/15/2023,14.45
6/14/2023,14.2
6/13/2023,14.13
6/12/2023,13.78
6/9/2023,13.74
6/8/2023,13.58
6/7/2023,13.59
6/6/2023,12.93
6/5/2023,12.59
6/2/2023,12.39
6/1/2023,12.11
5/31/2023,12
5/30/2023,12.59
5/26/2023,12.09
5/25/2023,11.38
5/24/2023,11.33
5/23/2023,11.73
5/22/2023,11.63
5/19/2023,11.65
5/18/2023,11.64
5/17/2023,11.5
5/16/2023,11.25
5/15/2023,11.64
5/12/2023,11.67
5/11/2023,11.87
5/10/2023,11.89
5/9/2023,11.86
5/8/2023,12.02
5/5/2023,11.99
5/4/2023,11.56
5/3/2023,11.79
5/2/2023,11.8
5/1/2023,12.06
4/28/2023,11.88
4/27/2023,11.61
4/26/2023,11.54
4/25/2023,11.77
4/24/2023,12.16
4/21/2023,11.81
4/20/2023,11.87
4/19/2023,12.22
4/18/2023,12.73
4/17/2023,12.68
4/14/2023,12.52
4/13/2023,12.46
4/12/2023,12.67
4/11/2023,12.87
4/10/2023,12.72
4/6/2023,12.33
4/5/2023,12.43
4/4/2023,12.72
4/3/2023,12.68
3/31/2023,12.6
3/30/2023,12.29
3/29/2023,12.05
3/28/2023,11.6
3/27/2023,11.52
3/24/2023,11.51
3/23/2023,11.42
3/22/2023,11.48
3/21/2023,11.72
3/20/2023,11.18
3/17/2023,11.3
3/16/2023,11.82
3/15/2023,11.71
3/14/2023,11.93
3/13/2023,12.03
3/10/2023,12.1
3/9/2023,12.45
3/8/2023,12.98
3/7/2023,12.83
3/6/2023,12.98
3/3/2023,13.08
3/2/2023,12.55
3/1/2023,12.32
2/28/2023,12.07
2/27/2023,12.06
2/24/2023,11.88
2/23/2023,12.07
2/22/2023,12.21
2/21/2023,12.2
2/17/2023,12.89
2/16/2023,12.91
2/15/2023,12.93
2/14/2023,12.97
2/13/2023,13.09
2/10/2023,12.73
2/9/2023,13.49
2/8/2023,13.42
2/7/2023,13.45
2/6/2023,13.14
2/3/2023,13.23
2/2/2023,14.32
2/1/2023,13.79
1/31/2023,13.51
1/30/2023,12.89
1/27/2023,13.27
1/26/2023,12.92
1/25/2023,12.79
1/24/2023,12.74
1/23/2023,12.8
1/20/2023,12.4
1/19/2023,12.18
1/18/2023,12.41
1/17/2023,12.67
1/13/2023,12.72
1/12/2023,13.43
1/11/2023,13.22
1/10/2023,12.84
1/9/2023,12.69
1/6/2023,12.58
1/5/2023,12.25
1/4/2023,12.01
1/3/2023,11.68
12/30/2022,11.63
12/29/2022,11.54
12/28/2022,10.95
12/27/2022,11.2
12/23/2022,11.36
12/22/2022,11.31
12/21/2022,11.78
12/20/2022,11.47
12/19/2022,11.69
12/16/2022,12.12
12/15/2022,13.03
12/14/2022,13.48
12/13/2022,13.57
12/12/2022,13.46
12/9/2022,13.18
12/8/2022,13.12
12/7/2022,13.1
12/6/2022,13.28
12/5/2022,13.38
12/2/2022,13.86
12/1/2022,14.08
11/30/2022,13.9
11/29/2022,13.75
11/28/2022,13.73
11/25/2022,14.08
11/23/2022,14.03
11/22/2022,14.07
11/21/2022,13.95
11/18/2022,13.99
11/17/2022,13.91
11/16/2022,13.9
11/15/2022,14.3
11/14/2022,14.06
11/11/2022,14.5
11/10/2022,14.18
11/9/2022,13.31
11/8/2022,13.72
11/7/2022,13.7
11/4/2022,13.51
11/3/2022,13.26
11/2/2022,13.06
11/1/2022,13.4
10/31/2022,13.37
10/28/2022,13.26
10/27/2022,13
10/26/2022,12.82
10/25/2022,12.83
10/24/2022,12.48
10/21/2022,12.19
10/20/2022,11.77
10/19/2022,12.13
10/18/2022,12.03
10/17/2022,11.83
10/14/2022,11.67
10/13/2022,11.77
10/12/2022,11.54
10/11/2022,11.56
10/10/2022,11.36
10/7/2022,12.2
10/6/2022,12.36
10/5/2022,12.51
10/4/2022,12.36
10/3/2022,11.47
9/30/2022,11.2
9/29/2022,11.47
9/28/2022,12.18
9/27/2022,11.91
9/26/2022,11.99
9/23/2022,12.31
9/22/2022,12.77
9/21/2022,13.05
9/20/2022,13.09
9/19/2022,14.93
9/16/2022,14.72
9/15/2022,14.89
9/14/2022,14.66
9/13/2022,14.74
9/12/2022,15.54
9/9/2022,15.42
9/8/2022,15.47
9/7/2022,15.43
9/6/2022,15.03
9/2/2022,15.16
9/1/2022,15.19
8/31/2022,15.24
8/30/2022,15.45
8/29/2022,15.57
8/26/2022,15.41
8/25/2022,15.93
8/24/2022,15.52
8/23/2022,15.32
8/22/2022,15.08
8/19/2022,15.88
8/18/2022,16.15
8/17/2022,16.03
8/16/2022,16.43
8/15/2022,16.32
8/12/2022,16.18
8/11/2022,15.83
8/10/2022,15.5
8/9/2022,15.19
8/8/2022,15.78
8/5/2022,15.3
8/4/2022,15.37
8/3/2022,15.69
8/2/2022,15.16
8/1/2022,15.34
7/29/2022,14.69
7/28/2022,14
7/27/2022,13.19
7/26/2022,12.54
7/25/2022,12.84
7/22/2022,12.82
7/21/2022,13
7/20/2022,12.73
7/19/2022,12.59
7/18/2022,11.96
7/15/2022,11.88
7/14/2022,11.39
7/13/2022,11.51
7/12/2022,11.56
7/11/2022,11.29
7/8/2022,11.62
7/7/2022,11.65
7/6/2022,11.06
7/5/2022,11.2
7/1/2022,11.32
6/30/2022,11.13
6/29/2022,11.52
6/28/2022,11.81
6/27/2022,12.04
6/24/2022,12.01
6/23/2022,11.56
6/22/2022,11.48
6/21/2022,11.46
6/17/2022,11.23
6/16/2022,11.25
6/15/2022,12.27
6/14/2022,12.2
6/13/2022,11.81
6/10/2022,12.75
6/9/2022,13.28
6/8/2022,13.53
6/7/2022,13.74
6/6/2022,13.46
6/3/2022,13.5
6/2/2022,13.89
6/1/2022,13.55
5/31/2022,13.68
5/27/2022,13.63
5/26/2022,13.12
5/25/2022,12.71
5/24/2022,12.42
5/23/2022,12.83
5/20/2022,12.5
5/19/2022,12.85
5/18/2022,12.78
5/17/2022,13.53
5/16/2022,13.05
5/13/2022,13.5
5/12/2022,12.44
5/11/2022,12.83
5/10/2022,13.35
5/9/2022,13.37
5/6/2022,14.21
5/5/2022,14.53
5/4/2022,14.98
5/3/2022,14.56
5/2/2022,14.27
4/29/2022,14.16
4/28/2022,14.62
4/27/2022,14.85
4/26/2022,14.71
4/25/2022,15.19
4/22/2022,15.13
4/21/2022,15.7
4/20/2022,16.05
4/19/2022,16.15
4/18/2022,15.67
4/14/2022,15.48
4/13/2022,15.51
4/12/2022,15.36
4/11/2022,15.28
4/8/2022,15.05
4/7/2022,14.96
4/6/2022,15.39
4/5/2022,15.82
4/4/2022,16.66
4/1/2022,16.65
3/31/2022,16.91
3/30/2022,17.27
3/29/2022,17.75
3/28/2022,16.67
3/25/2022,16.47
3/24/2022,16.83
3/23/2022,16.68
3/22/2022,17.09
3/21/2022,16.48
3/18/2022,16.86
3/17/2022,16.58
3/16/2022,16.58
3/15/2022,16.06
3/14/2022,15.74
3/11/2022,16.04
3/10/2022,16.33
3/9/2022,16.37
3/8/2022,16.03
3/7/2022,15.97
3/4/2022,16.85
3/3/2022,17.6
3/2/2022,18.1
3/1/2022,16.7
2/28/2022,17.56
2/25/2022,17.83
2/24/2022,17.15
2/23/2022,16.95
2/22/2022,17.29
2/18/2022,18.04
2/17/2022,17.54
2/16/2022,18.01
2/15/2022,18.08
2/14/2022,17.46
2/11/2022,17.55
2/10/2022,18.08
2/9/2022,18.35
2/8/2022,17.72
2/7/2022,17.89
2/4/2022,17.96
2/3/2022,19.89
2/2/2022,20.63
2/1/2022,20.66
1/31/2022,20.3
1/28/2022,19.54
1/27/2022,19.55
1/26/2022,19.91
1/25/2022,19.98
1/24/2022,20.39
1/21/2022,20.65
1/20/2022,21.65
1/19/2022,22.45
1/18/2022,24.38
1/14/2022,25.19
1/13/2022,25.02
1/12/2022,24.47
1/11/2022,24.35
1/10/2022,23.85
1/7/2022,24.44
1/6/2022,24.46
1/5/2022,23.66
1/4/2022,24.31
1/3/2022,21.77
12/31/2021,20.77
12/30/2021,20.47
12/29/2021,20.56
12/28/2021,20.76
12/27/2021,20.8
12/23/2021,20.25
12/22/2021,20.14
12/21/2021,19.61
12/20/2021,19.42
12/17/2021,19.77
12/16/2021,20.35
12/15/2021,20.19
12/14/2021,20.05
12/13/2021,20.43
12/10/2021,21.45
12/9/2021,19.57
12/8/2021,19.81
12/7/2021,19.96
12/6/2021,19.22
12/3/2021,19.14
12/2/2021,19.87
12/1/2021,19.58
11/30/2021,19.19
11/29/2021,19.67
11/26/2021,19.75
11/24/2021,20.25
11/23/2021,20.2
11/22/2021,20.48
11/19/2021,19.39
11/18/2021,19.56
11/17/2021,19.96
11/16/2021,19.79
11/15/2021,19.86
11/12/2021,19.5
11/11/2021,19.55
11/10/2021,19.36
11/9/2021,20.12
11/8/2021,20.15
11/5/2021,19.29
11/4/2021,19.42
11/3/2021,18.63
11/2/2021,18.01
11/1/2021,17.95
10/29/2021,17.08
10/28/2021,16.86
10/27/2021,15.51
10/26/2021,15.94
10/25/2021,16
10/22/2021,16.28
10/21/2021,16.55
10/20/2021,16.04
10/19/2021,15.42
10/18/2021,15.56
10/15/2021,15.7
10/14/2021,15.45
10/13/2021,15.51
10/12/2021,15.64
10/11/2021,15.09
10/8/2021,15.12
10/7/2021,14.89
10/6/2021,14.12
10/5/2021,14.29
10/4/2021,14.35
10/1/2021,14.16
9/30/2021,14.16
9/29/2021,14.3
9/28/2021,14.31
9/27/2021,14.16
9/24/2021,13.78
9/23/2021,13.71
9/22/2021,13.23
9/21/2021,12.77
9/20/2021,12.82
9/17/2021,13.55
9/16/2021,13.4
9/15/2021,13.22
9/14/2021,12.86
9/13/2021,12.99
9/10/2021,12.68
9/9/2021,12.76
9/8/2021,13.03
9/7/2021,12.95
9/3/2021,12.89
9/2/2021,13.01
9/1/2021,13.11
8/31/2021,13.03
8/30/2021,13.05
8/27/2021,13.31
8/26/2021,12.9
8/25/2021,13.17
8/24/2021,13.08
8/23/2021,12.73
8/20/2021,12.57
8/19/2021,12.67
8/18/2021,13
8/17/2021,12.99
8/16/2021,13.46
8/13/2021,13.59
8/12/2021,13.9
8/11/2021,13.93
8/10/2021,13.82
8/9/2021,13.75
8/6/2021,13.8
8/5/2021,13.71
8/4/2021,13.32
8/3/2021,14.02
8/2/2021,13.91
7/30/2021,13.95
7/29/2021,14.39
7/28/2021,13.86
7/27/2021,13.79
7/26/2021,14.03
7/23/2021,13.82
7/22/2021,13.91
7/21/2021,14.19
7/20/2021,13.91
7/19/2021,13.28
7/16/2021,13.61
7/15/2021,14.01
7/14/2021,14.25
7/13/2021,14.42
7/12/2021,14.61
7/9/2021,14.48
7/8/2021,14.06
7/7/2021,14.23
7/6/2021,14.5
7/2/2021,14.93
7/1/2021,14.91
6/30/2021,14.86
6/29/2021,15.01
6/28/2021,14.96
6/25/2021,15.19
6/24/2021,15.26
6/23/2021,15.42
6/22/2021,14.91
6/21/2021,14.78
6/18/2021,14.52
6/17/2021,14.77
6/16/2021,15.02
6/15/2021,15
6/14/2021,14.87
6/11/2021,15.28
6/10/2021,15.11
6/9/2021,15.48
6/8/2021,15.63
6/7/2021,15.88
6/4/2021,15.97
6/3/2021,15.99
6/2/2021,14.91
6/1/2021,14.81
5/28/2021,14.53
5/27/2021,14.88
5/26/2021,13.9
5/25/2021,12.81
5/24/2021,13.06
5/21/2021,13.33
5/20/2021,12.49
5/19/2021,12.11
5/18/2021,12.14
5/17/2021,12.15
5/14/2021,11.84
5/13/2021,11.55
5/12/2021,11.33
5/11/2021,11.58
5/10/2021,11.71
5/7/2021,11.82
5/6/2021,11.74
5/5/2021,11.61
5/4/2021,11.41
5/3/2021,11.63
4/30/2021,11.54
4/29/2021,11.26
4/28/2021,12.43
4/27/2021,12.49
4/26/2021,12.27
4/23/2021,12.22
4/22/2021,11.94
4/21/2021,11.73
4/20/2021,11.45
4/19/2021,12.11
4/16/2021,12.23
4/15/2021,12.24
4/14/2021,12.24
4/13/2021,12.2
4/12/2021,12.38
4/9/2021,12.51
4/8/2021,12.51
4/7/2021,12.73
4/6/2021,12.92
4/5/2021,12.7
4/1/2021,12.17
3/31/2021,12.25
3/30/2021,12.46
3/29/2021,12.15
3/26/2021,12.3
3/25/2021,12.32
3/24/2021,12.14
3/23/2021,12.21
3/22/2021,12.85
3/19/2021,12.83
3/18/2021,12.49
3/17/2021,12.69
3/16/2021,12.49
3/15/2021,13.2
3/12/2021,13.37
3/11/2021,12.81
3/10/2021,12.91
3/9/2021,12.57
3/8/2021,12.65
3/5/2021,12.27
3/4/2021,11.93
3/3/2021,12.17
3/2/2021,12.55
3/1/2021,11.98
2/26/2021,11.7
2/25/2021,11.76
2/24/2021,12.27
2/23/2021,11.62
2/22/2021,11.7
2/19/2021,11.58
2/18/2021,11.43
2/17/2021,11.48
2/16/2021,11.54
2/12/2021,11.45
2/11/2021,11.45
2/10/2021,11.76
2/9/2021,11.93
2/8/2021,11.56
2/5/2021,11.51
2/4/2021,11.37
2/3/2021,11.2
2/2/2021,10.86
2/1/2021,10.83
1/29/2021,10.53
1/28/2021,10.72
1/27/2021,10.79
1/26/2021,11.19
1/25/2021,11.29
1/22/2021,11.52
1/21/2021,11.53
1/20/2021,10.86
1/19/2021,10.02
1/15/2021,9.83
1/14/2021,10.17
1/13/2021,9.78
1/12/2021,9.78
1/11/2021,9.3
1/8/2021,9
1/7/2021,9.06
1/6/2021,8.84
1/5/2021,8.65
1/4/2021,8.52
12/31/2020,8.79
12/30/2020,8.86
12/29/2020,8.82
12/28/2020,8.89
12/24/2020,8.86
12/23/2020,8.99
12/22/2020,8.79
12/21/2020,8.93
12/18/2020,8.95
12/17/2020,9.08
12/16/2020,9.04
12/15/2020,9.15
12/14/2020,8.91
12/11/2020,9.02
12/10/2020,9.12
12/9/2020,9.45
12/8/2020,9.25
12/7/2020,9.22
12/4/2020,9.34
12/3/2020,9.21
12/2/2020,9.2
12/1/2020,9.24
11/30/2020,9.08
11/27/2020,9.09
11/25/2020,9.08
11/24/2020,9.45
11/23/2020,8.86
11/20/2020,8.74
11/19/2020,8.82
11/18/2020,8.82
11/17/2020,8.75
11/16/2020,8.8
11/13/2020,8.54
11/12/2020,8.21
11/11/2020,8.33
11/10/2020,8.38
11/9/2020,8.2
11/6/2020,7.79
11/5/2020,7.99
11/4/2020,7.64
11/3/2020,7.88
11/2/2020,7.71
10/30/2020,7.73
10/29/2020,7.9
10/28/2020,7.7
10/27/2020,7.92
10/26/2020,8.03
10/23/2020,8.16
10/22/2020,8.21
10/21/2020,7.85
10/20/2020,7.74
10/19/2020,7.59
10/16/2020,7.67
10/15/2020,7.62
10/14/2020,7.57
10/13/2020,7.76
10/12/2020,7.67
10/9/2020,7.25
10/8/2020,7.35
10/7/2020,7.23
10/6/2020,6.98
10/5/2020,7.02
10/2/2020,6.89
10/1/2020,6.75
9/30/2020,6.66
9/29/2020,6.6
9/28/2020,6.69
9/25/2020,6.51
9/24/2020,6.66
9/23/2020,6.64
9/22/2020,6.78
9/21/2020,6.87
9/18/2020,7.23
9/17/2020,7.28
9/16/2020,7.02
9/15/2020,7.04
9/14/2020,7.12
9/11/2020,7
9/10/2020,6.91
9/9/2020,6.97
9/8/2020,7.03
9/4/2020,6.9
9/3/2020,6.82
9/2/2020,6.95
9/1/2020,6.83
8/31/2020,6.82
8/28/2020,6.94
8/27/2020,6.91
8/26/2020,6.82
8/25/2020,6.94
8/24/2020,6.98
8/21/2020,6.66
8/20/2020,6.84
8/19/2020,6.87
8/18/2020,6.89
8/17/2020,6.98
8/14/2020,7.04
8/13/2020,7.03
8/12/2020,7.11
8/11/2020,7.23
8/10/2020,7.09
8/7/2020,6.86
8/6/2020,6.93
8/5/2020,6.96
8/4/2020,6.86
8/3/2020,6.69
7/31/2020,6.61
7/30/2020,6.74
7/29/2020,6.92
7/28/2020,7.01
7/27/2020,6.93
7/24/2020,6.88
7/23/2020,6.98
7/22/2020,6.84
7/21/2020,6.68
7/20/2020,6.66
7/17/2020,6.8
7/16/2020,6.86
7/15/2020,6.74
7/14/2020,6.36
7/13/2020,6.06
7/10/2020,6.1
7/9/2020,5.84
7/8/2020,6.09
7/7/2020,6.12
7/6/2020,6.19
7/2/2020,6.05
7/1/2020,5.98
6/30/2020,6.08
6/29/2020,6.01
6/26/2020,5.91
6/25/2020,6.03
6/24/2020,5.95
6/23/2020,6.15
6/22/2020,6.28
6/19/2020,6.23
6/18/2020,6.33
6/17/2020,6.33
6/16/2020,6.55
6/15/2020,6.5
6/12/2020,6.46
6/11/2020,6.13
6/10/2020,6.81
6/9/2020,7.24
6/8/2020,7.53
6/5/2020,7.34
6/4/2020,6.57
6/3/2020,6.19
6/2/2020,5.9
6/1/2020,5.87
5/29/2020,5.71
5/28/2020,5.85
5/27/2020,6.03
5/26/2020,5.84
5/22/2020,5.65
5/21/2020,5.63
5/20/2020,5.49
5/19/2020,5.3
5/18/2020,5.31
5/15/2020,4.9
5/14/2020,4.89
5/13/2020,4.72
5/12/2020,4.98
5/11/2020,5.12
5/8/2020,5.24
5/7/2020,4.87
5/6/2020,4.87
5/5/2020,4.97
5/4/2020,4.86
5/1/2020,4.92
4/30/2020,5.09
4/29/2020,5.26
4/28/2020,5.38
4/27/2020,5.17
4/24/2020,4.87
4/23/2020,4.89
4/22/2020,4.77
4/21/2020,4.77
4/20/2020,4.98
4/17/2020,5.12
4/16/2020,4.94
4/15/2020,5.03
4/14/2020,5.29
4/13/2020,5.16
4/9/2020,5.37
4/8/2020,5.03
4/7/2020,4.71
4/6/2020,4.53
4/3/2020,4.24
4/2/2020,4.36
4/1/2020,4.4
3/31/2020,4.83
3/30/2020,5.03
3/27/2020,5.19
3/26/2020,5.25
3/25/2020,5.39
3/24/2020,4.95
3/23/2020,4.01
3/20/2020,4.33
3/19/2020,4.47
3/18/2020,4.5
3/17/2020,5.01
3/16/2020,5.01
3/13/2020,5.63
3/12/2020,5.35
3/11/2020,5.9
3/10/2020,6.26
3/9/2020,5.9
3/6/2020,6.49
3/5/2020,6.74
3/4/2020,7.08
3/3/2020,6.97
3/2/2020,7.2
2/28/2020,6.96
2/27/2020,6.97
2/26/2020,7.21
2/25/2020,7.23
2/24/2020,7.57
2/21/2020,7.89
2/20/2020,8.03
2/19/2020,8
2/18/2020,8.06
2/14/2020,8.1
2/13/2020,8.25
2/12/2020,8.24
2/11/2020,8.1
2/10/2020,8.06
2/7/2020,8.11
2/6/2020,8.25
2/5/2020,8.31
2/4/2020,9.18
2/3/2020,8.98
1/31/2020,8.82
1/30/2020,8.84
1/29/2020,8.86
1/28/2020,8.97
1/27/2020,8.89
1/24/2020,9
1/23/2020,9.14
1/22/2020,9.16
1/21/2020,9.21
1/17/2020,9.16
1/16/2020,9.17
1/15/2020,9.19
1/14/2020,9.29
1/13/2020,9.24
1/10/2020,9.25
1/9/2020,9.26
1/8/2020,9.25
1/7/2020,9.25
1/6/2020,9.16
1/3/2020,9.21
1/2/2020,9.42
12/31/2019,9.3
12/30/2019,9.25
12/27/2019,9.36
12/26/2019,9.45
12/24/2019,9.47
12/23/2019,9.44
12/20/2019,9.48
12/19/2019,9.41
12/18/2019,9.54
12/17/2019,9.39
12/16/2019,9.39
12/13/2019,9.23
12/12/2019,9.32
12/11/2019,9.11
12/10/2019,9.07
12/9/2019,9.01
12/6/2019,9.02
12/5/2019,8.93
12/4/2019,8.95
12/3/2019,8.89
12/2/2019,9.01
11/29/2019,9.06
11/27/2019,9.1
11/26/2019,9.01
11/25/2019,9
11/22/2019,8.89
11/21/2019,8.71
11/20/2019,8.73
11/19/2019,8.9
11/18/2019,8.95
11/15/2019,8.95
11/14/2019,8.79
11/13/2019,8.81
11/12/2019,9.04
11/11/2019,9.08
11/8/2019,9.04
11/7/2019,8.89
11/6/2019,8.92
11/5/2019,9.02
11/4/2019,9
11/1/2019,8.89
10/31/2019,8.59
10/30/2019,8.54
10/29/2019,8.64
10/28/2019,8.61
10/25/2019,8.72
10/24/2019,8.6
10/23/2019,9.21
10/22/2019,9.07
10/21/2019,9.03
10/18/2019,9.29
10/17/2019,9.11
10/16/2019,9.07
10/15/2019,9.07
10/14/2019,8.82
10/11/2019,8.78
10/10/2019,8.62
10/9/2019,8.56
10/8/2019,8.54
10/7/2019,8.68
10/4/2019,8.74
10/3/2019,8.71
10/2/2019,8.61
10/1/2019,8.9
9/30/2019,9.16
9/27/2019,9.08
9/26/2019,9.14
9/25/2019,9.2
9/24/2019,9.11
9/23/2019,9.16
9/20/2019,9.17
9/19/2019,9.1
9/18/2019,9.25
9/17/2019,9.28
9/16/2019,9.3
9/13/2019,9.45
9/12/2019,9.41
9/11/2019,9.42
9/10/2019,9.42
9/9/2019,9.54
9/6/2019,9.34
9/5/2019,9.34
9/4/2019,9.2
9/3/2019,9.1
8/30/2019,9.17
8/29/2019,9.12
8/28/2019,9
8/27/2019,8.76
8/26/2019,8.82
8/23/2019,8.77
8/22/2019,9.04
8/21/2019,9.04
8/20/2019,8.96
8/19/2019,9.03
8/16/2019,8.96
8/15/2019,8.86
8/14/2019,9
8/13/2019,9.26
8/12/2019,9.29
8/9/2019,9.45
8/8/2019,9.56
8/7/2019,9.53
8/6/2019,9.48
8/5/2019,9.23
8/2/2019,9.28
8/1/2019,9.31
7/31/2019,9.53
7/30/2019,9.55
7/29/2019,9.6
7/26/2019,9.57
7/25/2019,9.56
7/24/2019,10.33
7/23/2019,10.17
7/22/2019,10.02
7/19/2019,10.2
7/18/2019,10.26
7/17/2019,10.33
7/16/2019,10.51
7/15/2019,10.42
7/12/2019,10.49
7/11/2019,10.19
7/10/2019,10.11
7/9/2019,10.14
7/8/2019,10.2
7/5/2019,10.2
7/3/2019,10.2
7/2/2019,10.12
7/1/2019,10.15
6/28/2019,10.23
6/27/2019,10.2
6/26/2019,9.91
6/25/2019,9.84
6/24/2019,9.95
6/21/2019,9.99
6/20/2019,10.04
6/19/2019,10.04
6/18/2019,10.1
6/17/2019,10.05
6/14/2019,9.98
6/13/2019,10.06
6/12/2019,9.85
6/11/2019,9.92
6/10/2019,9.82
6/7/2019,9.76
6/6/2019,9.75
6/5/2019,9.78
6/4/2019,9.92
6/3/2019,9.61
5/31/2019,9.52
5/30/2019,9.74
5/29/2019,9.71
5/28/2019,9.78
5/24/2019,9.83
5/23/2019,9.85
5/22/2019,9.97
5/21/2019,10.24
5/20/2019,10.28
5/17/2019,10.29
5/16/2019,10.4
5/15/2019,10.36
5/14/2019,10.24
5/13/2019,10.08
5/10/2019,10.38
5/9/2019,10.2
5/8/2019,10.34
5/7/2019,10.38
5/6/2019,10.37
5/3/2019,10.41
5/2/2019,10.34
5/1/2019,10.3
4/30/2019,10.45
4/29/2019,10.32
4/26/2019,10.41
4/25/2019,9.4
4/24/2019,9.57
4/23/2019,9.5
4/22/2019,9.5
4/18/2019,9.55
4/17/2019,9.5
4/16/2019,9.36
4/15/2019,9.33
4/12/2019,9.45
4/11/2019,9.39
4/10/2019,9.33
4/9/2019,9.21
4/8/2019,9.3
4/5/2019,9.25
4/4/2019,9.24
4/3/2019,9.13
4/2/2019,9.01
4/1/2019,8.98
3/29/2019,8.78
3/28/2019,8.77
3/27/2019,8.62
3/26/2019,8.76
3/25/2019,8.51
3/22/2019,8.54
3/21/2019,8.69
3/20/2019,8.51
3/19/2019,8.7
3/18/2019,8.57
3/15/2019,8.43
3/14/2019,8.41
3/13/2019,8.53
3/12/2019,8.57
3/11/2019,8.61
3/8/2019,8.42
3/7/2019,8.48
3/6/2019,8.58
3/5/2019,8.77
3/4/2019,8.81
3/1/2019,8.79
2/28/2019,8.77
2/27/2019,8.78
2/26/2019,8.88
2/25/2019,8.76
2/22/2019,8.71
2/21/2019,8.71
2/20/2019,8.94
2/19/2019,8.83
2/15/2019,8.54
2/14/2019,8.42
2/13/2019,8.41
2/12/2019,8.46
2/11/2019,8.33
2/8/2019,8.39
2/7/2019,8.31
2/6/2019,8.72
2/5/2019,8.75
2/4/2019,8.7
2/1/2019,8.72
1/31/2019,8.8
1/30/2019,8.71
1/29/2019,8.76
1/28/2019,8.66
1/25/2019,8.86
1/24/2019,8.6
1/23/2019,8.34
1/22/2019,8.5
1/18/2019,8.58
1/17/2019,8.36
1/16/2019,8.29
1/15/2019,8.84
1/14/2019,8.99
1/11/2019,8.82
1/10/2019,8.67
1/9/2019,8.72
1/8/2019,8.37
1/7/2019,8.29
1/4/2019,8.08
1/3/2019,7.78
1/2/2019,7.9
12/31/2018,7.65
12/28/2018,7.81
12/27/2018,7.85
12/26/2018,7.85
12/24/2018,7.63
12/21/2018,8.05
12/20/2018,8.26
12/19/2018,8.32
12/18/2018,8.47
12/17/2018,8.5
12/14/2018,8.52
12/13/2018,8.5
12/12/2018,8.64
12/11/2018,8.54
12/10/2018,8.52
12/7/2018,8.82
12/6/2018,9.02
12/4/2018,9.18
12/3/2018,9.6
11/30/2018,9.41
11/29/2018,9.37
11/28/2018,9.41
11/27/2018,9.28
11/26/2018,9.4
11/23/2018,9.13
11/21/2018,9.11
11/20/2018,9.06
11/19/2018,9.25
11/16/2018,9.05
11/15/2018,9.31
11/14/2018,9.54
11/13/2018,9.54
11/12/2018,9.49
11/9/2018,9.38
11/8/2018,9.46
11/7/2018,9.6
11/6/2018,9.54
11/5/2018,9.53
11/2/2018,9.38
11/1/2018,9.29
10/31/2018,9.55
10/30/2018,9.46
10/29/2018,9.28
10/26/2018,8.98
10/25/2018,8.99
10/24/2018,8.18
10/23/2018,8.59
10/22/2018,8.41
10/19/2018,8.5
10/18/2018,8.51
10/17/2018,8.76
10/16/2018,8.8
10/15/2018,8.81
10/12/2018,8.64
10/11/2018,8.81
10/10/2018,8.82
10/9/2018,8.95
10/8/2018,9.26
10/5/2018,9.12
10/4/2018,9.15
10/3/2018,9.13
10/2/2018,9.2
10/1/2018,9.32
9/28/2018,9.25
9/27/2018,9.23
9/26/2018,9.27
9/25/2018,9.39
9/24/2018,9.59
9/21/2018,9.85
9/20/2018,9.81
9/19/2018,9.78
9/18/2018,9.58
9/17/2018,9.55
9/14/2018,9.45
9/13/2018,9.37
9/12/2018,9.34
9/11/2018,9.31
9/10/2018,9.38
9/7/2018,9.27
9/6/2018,9.43
9/5/2018,9.49
9/4/2018,9.47
8/31/2018,9.48
8/30/2018,9.7
8/29/2018,9.97
8/28/2018,10.01
8/27/2018,9.99
8/24/2018,9.68
8/23/2018,9.63
8/22/2018,9.69
8/21/2018,9.86
8/20/2018,9.72
8/17/2018,9.55
8/16/2018,9.51
8/15/2018,9.45
8/14/2018,9.5
8/13/2018,9.46
8/10/2018,9.74
8/9/2018,9.91
8/8/2018,10.05
8/7/2018,10.08
8/6/2018,10.03
8/3/2018,10.04
8/2/2018,9.92
8/1/2018,9.9
7/31/2018,10.04
7/30/2018,10.07
7/27/2018,9.93
7/26/2018,9.89
7/25/2018,10.52
7/24/2018,10.57
7/23/2018,10.47
7/20/2018,10.56
7/19/2018,10.82
7/18/2018,10.87
7/17/2018,10.86
7/16/2018,10.85
7/13/2018,10.98
7/12/2018,11.05
7/11/2018,11.07
7/10/2018,11.25
7/9/2018,11.2
7/6/2018,11.06
7/5/2018,11.05
7/3/2018,10.99
7/2/2018,11.1
6/29/2018,11.07
6/28/2018,11.28
6/27/2018,11.42
6/26/2018,11.52
6/25/2018,11.5
6/22/2018,11.65
6/21/2018,11.71
6/20/2018,11.87
6/19/2018,11.89
6/18/2018,11.99
6/15/2018,11.88
6/14/2018,11.89
6/13/2018,12.02
6/12/2018,12.11
6/11/2018,12.03
6/8/2018,12.1
6/7/2018,12.03
6/6/2018,11.97
6/5/2018,11.83
6/4/2018,11.74
6/1/2018,11.71
5/31/2018,11.55
5/30/2018,11.55
5/29/2018,11.44
5/25/2018,11.51
5/24/2018,11.62
5/23/2018,11.44
5/22/2018,11.52
5/21/2018,11.51
5/18/2018,11.33
5/17/2018,11.46
5/16/2018,11.4
5/15/2018,11.22
5/14/2018,11.18
5/11/2018,11.19
5/10/2018,11.21
5/9/2018,11.06
5/8/2018,11.27
5/7/2018,11.34
5/4/2018,11.36
5/3/2018,11.2
5/2/2018,11.21
5/1/2018,11.26
4/30/2018,11.24
4/27/2018,11.49
4/26/2018,11.43
4/25/2018,11.11
4/24/2018,10.96
4/23/2018,11.04
4/20/2018,10.82
4/19/2018,10.96
4/18/2018,11.33
4/17/2018,11.38
4/16/2018,11.38
4/13/2018,11.28
4/12/2018,11.31
4/11/2018,11.43
4/10/2018,11.45
4/9/2018,11.25
4/6/2018,11.18
4/5/2018,11.35
4/4/2018,11.33
4/3/2018,11.15
4/2/2018,10.86
3/29/2018,11.08
3/28/2018,10.86
3/27/2018,10.83
3/26/2018,10.83
3/23/2018,10.56
3/22/2018,10.75
3/21/2018,11.1
3/20/2018,10.99
3/19/2018,11.01
3/16/2018,11.15
3/15/2018,11.07
3/14/2018,11.02
3/13/2018,10.78
3/12/2018,10.81
3/9/2018,10.73
3/8/2018,10.61
3/7/2018,10.63
3/6/2018,10.63
3/5/2018,10.58
3/2/2018,10.4
3/1/2018,10.29
2/28/2018,10.61
2/27/2018,10.61
2/26/2018,10.89
2/23/2018,10.7
2/22/2018,10.63
2/21/2018,10.6
2/20/2018,10.63
2/16/2018,10.61
2/15/2018,10.76
2/14/2018,10.74
2/13/2018,10.59
2/12/2018,10.7
2/9/2018,10.53
2/8/2018,10.43
2/7/2018,10.76
2/6/2018,10.76
2/5/2018,10.24
2/2/2018,10.71
2/1/2018,10.92
1/31/2018,10.97
1/30/2018,11.06
1/29/2018,11.12
1/26/2018,11.65
1/25/2018,11.57
1/24/2018,12.05
1/23/2018,11.96
1/22/2018,12.02
1/19/2018,12
1/18/2018,12.07
1/17/2018,12.18
1/16/2018,13.1
1/12/2018,13.23
1/11/2018,13.16
1/10/2018,13.03
1/9/2018,13.08
1/8/2018,13.15
1/5/2018,13.2
1/4/2018,12.98
1/3/2018,12.76
1/2/2018,12.66
12/29/2017,12.49
12/28/2017,12.58
12/27/2017,12.5
12/26/2017,12.6
12/22/2017,12.58
12/21/2017,12.63
12/20/2017,12.72
12/19/2017,12.69
12/18/2017,12.66
12/15/2017,12.58
12/14/2017,12.46
12/13/2017,12.63
12/12/2017,12.6
12/11/2017,12.58
12/8/2017,12.61
12/7/2017,12.53
12/6/2017,12.38
12/5/2017,12.43
12/4/2017,12.63
12/1/2017,12.58
11/30/2017,12.52
11/29/2017,12.56
11/28/2017,12.21
11/27/2017,12.11
11/24/2017,12.1
11/22/2017,12.07
11/21/2017,12.12
11/20/2017,12.13
11/17/2017,12.01
11/16/2017,12.04
11/15/2017,12
11/14/2017,12.02
11/13/2017,12.16
11/10/2017,12.01
11/9/2017,12.04
11/8/2017,12.06
11/7/2017,12.16
11/6/2017,12.33
11/3/2017,12.36
11/2/2017,12.42
11/1/2017,12.35
10/31/2017,12.27
10/30/2017,12.1
10/27/2017,12.06
10/26/2017,12.27
10/25/2017,12.07
10/24/2017,12.19
10/23/2017,12.04
10/20/2017,12.1
10/19/2017,12.23
10/18/2017,12.19
10/17/2017,12.27
10/16/2017,12.12
10/13/2017,12.05
10/12/2017,12.12
10/11/2017,12.38
10/10/2017,12.39
10/9/2017,12.34
10/6/2017,12.31
10/5/2017,12.25
10/4/2017,12.3
10/3/2017,12.34
10/2/2017,12.09
9/29/2017,11.97
9/28/2017,11.96
9/27/2017,11.95
9/26/2017,11.93
9/25/2017,11.94
9/22/2017,11.84
9/21/2017,11.72
9/20/2017,11.71
9/19/2017,11.72
9/18/2017,11.63
9/15/2017,11.62
9/14/2017,11.56
9/13/2017,11.62
9/12/2017,11.59
9/11/2017,11.41
9/8/2017,11.36
9/7/2017,11.4
9/6/2017,11.5
9/5/2017,11.36
9/1/2017,11.35
8/31/2017,11.03
8/30/2017,10.94
8/29/2017,10.84
8/28/2017,10.79
8/25/2017,10.82
8/24/2017,10.71
8/23/2017,10.71
8/22/2017,10.65
8/21/2017,10.57
8/18/2017,10.56
8/17/2017,10.64
8/16/2017,10.8
8/15/2017,10.84
8/14/2017,10.91
8/11/2017,10.77
8/10/2017,10.77
8/9/2017,10.92
8/8/2017,10.89
8/7/2017,10.92
8/4/2017,10.95
8/3/2017,10.93
8/2/2017,11
8/1/2017,10.95
7/31/2017,11.22
7/28/2017,11.17
7/27/2017,11.18
7/26/2017,11.06
7/25/2017,11.27
7/24/2017,11.29
7/21/2017,11.53
7/20/2017,11.7
7/19/2017,11.83
7/18/2017,11.75
7/17/2017,11.74
7/14/2017,11.68
7/13/2017,11.6
7/12/2017,11.47
7/11/2017,11.38
7/10/2017,11.34
7/7/2017,11.26
7/6/2017,11.18
7/5/2017,11.3
7/3/2017,11.56
6/30/2017,11.19
6/29/2017,11.17
6/28/2017,11.09
6/27/2017,11.08
6/26/2017,11.18
6/23/2017,11.04
6/22/2017,11.13
6/21/2017,11.04
6/20/2017,11.12
6/19/2017,11.24
6/16/2017,11.22
6/15/2017,11.24
6/14/2017,11.22
6/13/2017,11.27
6/12/2017,11.28
6/9/2017,11.13
6/8/2017,11.1
6/7/2017,11.07
6/6/2017,11.12
6/5/2017,11.25
6/2/2017,11.35
6/1/2017,11.41
5/31/2017,11.12
5/30/2017,11.08
5/26/2017,10.93
5/25/2017,10.86
5/24/2017,10.96
5/23/2017,11.05
5/22/2017,11.1
5/19/2017,10.87
5/18/2017,10.79
5/17/2017,10.76
5/16/2017,10.94
5/15/2017,10.94
5/12/2017,10.92
5/11/2017,11.01
5/10/2017,11.04
5/9/2017,11.16
5/8/2017,11.13
5/5/2017,11.14
5/4/2017,11
5/3/2017,11.07
5/2/2017,10.92
5/1/2017,11.42
4/28/2017,11.47
4/27/2017,11.47
4/26/2017,11.6
4/25/2017,11.48
4/24/2017,11.43
4/21/2017,11.34
4/20/2017,11.47
4/19/2017,11.19
4/18/2017,11.14
4/17/2017,11.28
4/13/2017,11.11
4/12/2017,11.23
4/11/2017,11.28
4/10/2017,11.25
4/7/2017,11.23
4/6/2017,11.27
4/5/2017,11.26
4/4/2017,11.37
4/3/2017,11.44
3/31/2017,11.64
3/30/2017,11.68
3/29/2017,11.68
3/28/2017,11.65
3/27/2017,11.46
3/24/2017,11.62
3/23/2017,11.67
3/22/2017,11.77
3/21/2017,11.72
3/20/2017,12.28
3/17/2017,12.48
3/16/2017,12.7
3/15/2017,12.65
3/14/2017,12.55
3/13/2017,12.54
3/10/2017,12.53
3/9/2017,12.5
3/8/2017,12.53
3/7/2017,12.46
3/6/2017,12.52
3/3/2017,12.65
3/2/2017,12.66
3/1/2017,12.69
2/28/2017,12.53
2/27/2017,12.66
2/24/2017,12.47
2/23/2017,12.56
2/22/2017,12.67
2/21/2017,12.69
2/17/2017,12.58
2/16/2017,12.54
2/15/2017,12.63
2/14/2017,12.65
2/13/2017,12.56
2/10/2017,12.51
2/9/2017,12.38
2/8/2017,12.38
2/7/2017,12.34
2/6/2017,12.52
2/3/2017,12.56
2/2/2017,12.28
2/1/2017,12.32
1/31/2017,12.36
1/30/2017,12.37
1/27/2017,12.49
1/26/2017,12.37
1/25/2017,12.79
1/24/2017,12.61
1/23/2017,12.31
1/20/2017,12.36
1/19/2017,12.43
1/18/2017,12.41
1/17/2017,12.61
1/13/2017,12.63
1/12/2017,12.59
1/11/2017,12.67
1/10/2017,12.85
1/9/2017,12.63
1/6/2017,12.76
1/5/2017,12.77
1/4/2017,13.17
1/3/2017,12.59
12/30/2016,12.13
12/29/2016,12.23
12/28/2016,12.25
12/27/2016,12.39
12/23/2016,12.46
12/22/2016,12.4
12/21/2016,12.64
12/20/2016,12.78
12/19/2016,12.66
12/16/2016,12.63
12/15/2016,12.58
12/14/2016,12.53
12/13/2016,12.77
12/12/2016,12.82
12/9/2016,13.17
12/8/2016,13.03
12/7/2016,13.06
12/6/2016,12.56
12/5/2016,12.44
12/2/2016,12.24
12/1/2016,12.43
11/30/2016,11.96
11/29/2016,11.92
11/28/2016,11.92
11/25/2016,12.04
11/23/2016,11.9
11/22/2016,11.89
11/21/2016,11.79
11/18/2016,11.76
11/17/2016,11.87
11/16/2016,12
11/15/2016,12.04
11/14/2016,12.06
11/11/2016,12.28
11/10/2016,11.94
11/9/2016,11.58
11/8/2016,11.48
11/7/2016,11.58
11/4/2016,11.34
11/3/2016,11.35
11/2/2016,11.4
11/1/2016,11.61
10/31/2016,11.74
10/28/2016,11.72
10/27/2016,11.74
10/26/2016,11.88
10/25/2016,11.85
10/24/2016,12.19
10/21/2016,12.02
10/20/2016,11.97
10/19/2016,12.01
10/18/2016,11.89
10/17/2016,11.88
10/14/2016,11.91
10/13/2016,11.91
10/12/2016,11.96
10/11/2016,11.99
10/10/2016,12.12
10/7/2016,12.29
10/6/2016,12.39
10/5/2016,12.48
10/4/2016,12.2
10/3/2016,12.1
9/30/2016,12.07
9/29/2016,11.97
9/28/2016,12.09
9/27/2016,11.98
9/26/2016,12.01
9/23/2016,12.17
9/22/2016,12.18
9/21/2016,12.09
9/20/2016,12
9/19/2016,12.11
9/16/2016,12.11
9/15/2016,12.11
9/14/2016,12.14
9/13/2016,12.38
9/12/2016,12.7
9/9/2016,12.38
9/8/2016,12.73
9/7/2016,12.7
9/6/2016,12.67
9/2/2016,12.5
9/1/2016,12.44
8/31/2016,12.6
8/30/2016,12.55
8/29/2016,12.47
8/26/2016,12.38
8/25/2016,12.47
8/24/2016,12.3
8/23/2016,12.42
8/22/2016,12.36
8/19/2016,12.39
8/18/2016,12.33
8/17/2016,12.39
8/16/2016,12.34
8/15/2016,12.43
8/12/2016,12.33
8/11/2016,12.31
8/10/2016,12.25
8/9/2016,12.31
8/8/2016,12.18
8/5/2016,12.19
8/4/2016,12.08
8/3/2016,12.13
8/2/2016,11.94
8/1/2016,12.48
7/29/2016,12.66
7/28/2016,12.71
7/27/2016,13.84
7/26/2016,13.86
7/25/2016,13.83
7/22/2016,13.84
7/21/2016,13.92
7/20/2016,13.74
7/19/2016,13.65
7/18/2016,13.65
7/15/2016,13.57
7/14/2016,13.59
7/13/2016,13.48
7/12/2016,13.45
7/11/2016,13.27
7/8/2016,13.09
7/7/2016,12.75
7/6/2016,12.57
7/5/2016,12.4
7/1/2016,12.72
6/30/2016,12.57
6/29/2016,12.55
6/28/2016,12.39
6/27/2016,12.16
6/24/2016,12.52
6/23/2016,13.4
6/22/2016,13.18
6/21/2016,13.22
6/20/2016,13.42
6/17/2016,13.26
6/16/2016,13.12
6/15/2016,13.01
6/14/2016,12.84
6/13/2016,12.98
6/10/2016,13.1
6/9/2016,13.26
6/8/2016,13.36
6/7/2016,13.38
6/6/2016,13.18
6/3/2016,13.04
6/2/2016,13.21
6/1/2016,13.11
5/31/2016,13.49
5/27/2016,13.45
5/26/2016,13.46
5/25/2016,13.52
5/24/2016,13.29
5/23/2016,13.13
5/20/2016,13.19
5/19/2016,13.09
5/18/2016,13.16
5/17/2016,13.14
5/16/2016,13.32
5/13/2016,13.22
5/12/2016,13.35
5/11/2016,13.32
5/10/2016,13.49
5/9/2016,13.32
5/6/2016,13.44
5/5/2016,13.32
5/4/2016,13.31
5/3/2016,13.43
5/2/2016,13.62
4/29/2016,13.56
4/28/2016,14.09
4/27/2016,13.66
4/26/2016,13.75
4/25/2016,13.58
4/22/2016,13.61
4/21/2016,13.65
4/20/2016,13.64
4/19/2016,13.44
4/18/2016,13.25
4/15/2016,12.94
4/14/2016,13.09
4/13/2016,13.06
4/12/2016,12.81
4/11/2016,12.66
4/8/2016,12.55
4/7/2016,12.52
4/6/2016,12.82
4/5/2016,12.77
4/4/2016,12.8
4/1/2016,13.1
3/31/2016,13.5
3/30/2016,13.35
3/29/2016,13.2
3/28/2016,13.09
3/24/2016,13.06
3/23/2016,13.26
3/22/2016,13.59
3/21/2016,13.66
3/18/2016,13.64
3/17/2016,13.47
3/16/2016,13.5
3/15/2016,13.23
3/14/2016,13.27
3/11/2016,13.29
3/10/2016,13.15
3/9/2016,13.19
3/8/2016,13.23
3/7/2016,13.62
3/4/2016,13.59
3/3/2016,13.54
3/2/2016,13.22
3/1/2016,13.09
2/29/2016,12.51
2/26/2016,12.47
2/25/2016,12.39
2/24/2016,12.08
2/23/2016,12.42
2/22/2016,12.56
2/19/2016,12.1
2/18/2016,12.26
2/17/2016,12.27
2/16/2016,11.87
2/12/2016,11.55
2/11/2016,11.17
2/10/2016,11.34
2/9/2016,11.35
2/8/2016,11.59
2/5/2016,11.45
2/4/2016,11.53
2/3/2016,11.46
2/2/2016,11.51
2/1/2016,12.07
1/29/2016,11.94
1/28/2016,11.71
1/27/2016,11.85
1/26/2016,12.26
1/25/2016,11.98
1/22/2016,12.14
1/21/2016,12.01
1/20/2016,11.9
1/19/2016,11.95
1/15/2016,11.97
1/14/2016,12.19
1/13/2016,12.2
1/12/2016,12.85
1/11/2016,12.77
1/8/2016,12.54
1/7/2016,12.7
1/6/2016,13.11
1/5/2016,13.72
1/4/2016,13.97
12/31/2015,14.09
12/30/2015,14.17
12/29/2015,14.23
12/28/2015,14.18
12/24/2015,14.31
12/23/2015,14.36
12/22/2015,14.2
12/21/2015,13.73
12/18/2015,13.8
12/17/2015,13.98
12/16/2015,14.36
12/15/2015,13.87
12/14/2015,13.62
12/11/2015,13.64
12/10/2015,13.96
12/9/2015,13.89
12/8/2015,13.97
12/7/2015,14.12
12/4/2015,14.2
12/3/2015,13.98
12/2/2015,14.26
12/1/2015,14.56
11/30/2015,14.33
11/27/2015,14.53
11/25/2015,14.55
11/24/2015,14.55
11/23/2015,14.55
11/20/2015,14.6
11/19/2015,14.57
11/18/2015,14.46
11/17/2015,14.15
11/16/2015,14.04
11/13/2015,13.92
11/12/2015,14.04
11/11/2015,14.31
11/10/2015,14.28
11/9/2015,14.33
11/6/2015,14.52
11/5/2015,14.57
11/4/2015,14.65
11/3/2015,14.81
11/2/2015,14.75
10/30/2015,14.81
10/29/2015,14.73
10/28/2015,14.97
10/27/2015,14.89
10/26/2015,15.68
10/23/2015,15.67
10/22/2015,15.58
10/21/2015,15.41
10/20/2015,15.38
10/19/2015,15.36
10/16/2015,15.28
10/15/2015,15.22
10/14/2015,15.01
10/13/2015,14.94
10/12/2015,14.98
10/9/2015,14.97
10/8/2015,14.99
10/7/2015,14.75
10/6/2015,14.31
10/5/2015,14.19
10/2/2015,13.99
10/1/2015,13.67
9/30/2015,13.57
9/29/2015,13.15
9/28/2015,13.12
9/25/2015,13.53
9/24/2015,13.65
9/23/2015,13.68
9/22/2015,13.92
9/21/2015,14.32
9/18/2015,14.28
9/17/2015,14.6
9/16/2015,14.64
9/15/2015,14.31
9/14/2015,13.78
9/11/2015,13.71
9/10/2015,13.73
9/9/2015,13.53
9/8/2015,13.67
9/4/2015,13.56
9/3/2015,13.84
9/2/2015,13.87
9/1/2015,13.72
8/31/2015,13.87
8/28/2015,13.74
8/27/2015,13.56
8/26/2015,13.21
8/25/2015,12.9
8/24/2015,13.19
8/21/2015,13.86
8/20/2015,14.43
8/19/2015,14.77
8/18/2015,14.83
8/17/2015,14.68
8/14/2015,14.78
8/13/2015,14.71
8/12/2015,14.68
8/11/2015,14.7
8/10/2015,14.99
8/7/2015,14.8
8/6/2015,14.83
8/5/2015,14.8
8/4/2015,14.91
8/3/2015,14.94
7/31/2015,14.83
7/30/2015,15.1
7/29/2015,15.21
7/28/2015,14.83
7/27/2015,14.55
7/24/2015,14.39
7/23/2015,14.61
7/22/2015,14.42
7/21/2015,14.51
7/20/2015,14.57
7/17/2015,14.69
7/16/2015,14.57
7/15/2015,14.75
7/14/2015,14.81
7/13/2015,14.64
7/10/2015,14.48
7/9/2015,14.33
7/8/2015,14.37
7/7/2015,14.85
7/6/2015,14.79
7/2/2015,14.87
7/1/2015,14.99
6/30/2015,15.01
6/29/2015,15.02
6/26/2015,15.4
6/25/2015,15.44
6/24/2015,15.5
6/23/2015,15.29
6/22/2015,15.13
6/19/2015,15.11
6/18/2015,15.14
6/17/2015,15.02
6/16/2015,15
6/15/2015,15.05
6/12/2015,15.23
6/11/2015,15.28
6/10/2015,15.03
6/9/2015,14.88
6/8/2015,14.9
6/5/2015,14.78
6/4/2015,15.05
6/3/2015,15.2
6/2/2015,15.26
6/1/2015,15.36
5/29/2015,15.17
5/28/2015,15.29
5/27/2015,15.32
5/26/2015,15.19
5/22/2015,15.27
5/21/2015,15.51
5/20/2015,15.3
5/19/2015,15.5
5/18/2015,15.58
5/15/2015,15.48
5/14/2015,15.27
5/13/2015,15.41
5/12/2015,15.56
5/11/2015,15.65
5/8/2015,15.67
5/7/2015,15.51
5/6/2015,15.48
5/5/2015,15.53
5/4/2015,15.78
5/1/2015,15.81
4/30/2015,15.8
4/29/2015,16.02
4/28/2015,16.06
4/27/2015,15.9
4/24/2015,15.77
4/23/2015,15.76
4/22/2015,15.91
4/21/2015,15.82
4/20/2015,15.91
4/17/2015,15.76
4/16/2015,15.94
4/15/2015,16.07
4/14/2015,15.97
4/13/2015,15.87
4/10/2015,16.03
4/9/2015,15.95
4/8/2015,15.98
4/7/2015,15.9
4/6/2015,16
4/2/2015,16.03
4/1/2015,15.91
3/31/2015,16.14
3/30/2015,16.16
3/27/2015,15.98
3/26/2015,16.01
3/25/2015,16.18
3/24/2015,16.56
3/23/2015,16.57
3/20/2015,16.48
3/19/2015,16.34
3/18/2015,16.46
3/17/2015,16.39
3/16/2015,16.49
3/13/2015,16.2
3/12/2015,16.17
3/11/2015,15.75
3/10/2015,15.72
3/9/2015,16.03
3/6/2015,15.93
3/5/2015,16.11
3/4/2015,16.03
3/3/2015,16.17
3/2/2015,16.57
2/27/2015,16.34
2/26/2015,16.38
2/25/2015,16.51
2/24/2015,16.36
2/23/2015,16.38
2/20/2015,16.4
2/19/2015,16.43
2/18/2015,16.21
2/17/2015,16.11
2/13/2015,16.3
2/12/2015,16.36
2/11/2015,16.25
2/10/2015,16.09
2/9/2015,15.92
2/6/2015,15.86
2/5/2015,15.85
2/4/2015,15.87
2/3/2015,15.65
2/2/2015,15.27
1/30/2015,14.71
1/29/2015,14.85
1/28/2015,14.46
1/27/2015,14.85
1/26/2015,15.08
1/23/2015,14.91
1/22/2015,15.03
1/21/2015,14.97
1/20/2015,15.01
1/16/2015,15.02
1/15/2015,14.86
1/14/2015,15.11
1/13/2015,15.21
1/12/2015,15.22
1/9/2015,15.21
1/8/2015,15.42
1/7/2015,15.04
1/6/2015,14.62
1/5/2015,14.76
1/2/2015,15.36
12/31/2014,15.5
12/30/2014,15.5
12/29/2014,15.52
12/26/2014,15.45
12/24/2014,15.3
12/23/2014,15.33
12/22/2014,15.22
12/19/2014,15.03
12/18/2014,14.81
12/17/2014,14.45
12/16/2014,14.09
12/15/2014,14.28
12/12/2014,14.99
12/11/2014,15.28
12/10/2014,15.16
12/9/2014,15.43
12/8/2014,15.43
12/5/2014,15.7
12/4/2014,15.81
12/3/2014,16.01
12/2/2014,15.9
12/1/2014,15.77
11/28/2014,15.73
11/26/2014,15.61
11/25/2014,15.68
11/24/2014,15.67
11/21/2014,15.43
11/20/2014,15.46
11/19/2014,15.44
11/18/2014,15.5
11/17/2014,15.54
11/14/2014,15.14
11/13/2014,14.93
11/12/2014,14.58
11/11/2014,14.37
11/10/2014,14
11/7/2014,14.17
11/6/2014,14.19
11/5/2014,13.94
11/4/2014,13.95
11/3/2014,13.99
10/31/2014,14.09
10/30/2014,13.95
10/29/2014,13.91
10/28/2014,14.16
10/27/2014,13.82
10/24/2014,13.78
10/23/2014,14.4
10/22/2014,14.13
10/21/2014,14.26
10/20/2014,14.17
10/17/2014,14.02
10/16/2014,13.98
10/15/2014,13.62
10/14/2014,13.78
10/13/2014,13.54
10/10/2014,13.79
10/9/2014,13.84
10/8/2014,14.21
10/7/2014,14.1
10/6/2014,14.52
10/3/2014,14.59
10/2/2014,14.56
10/1/2014,14.59
9/30/2014,14.79
9/29/2014,15.11
9/26/2014,16.33
9/25/2014,16.2
9/24/2014,16.41
9/23/2014,16.17
9/22/2014,16.36
9/19/2014,16.65
9/18/2014,16.58
9/17/2014,16.53
9/16/2014,16.52
9/15/2014,16.47
9/12/2014,16.59
9/11/2014,16.66
9/10/2014,16.63
9/9/2014,16.63
9/8/2014,16.8
9/5/2014,17.14
9/4/2014,17.27
9/3/2014,17.47
9/2/2014,17.6
8/29/2014,17.41
8/28/2014,17.42
8/27/2014,17.36
8/26/2014,17.19
8/25/2014,17.23
8/22/2014,17.17
8/21/2014,17.4
8/20/2014,17.41
8/19/2014,17.36
8/18/2014,17.43
8/15/2014,17.31
8/14/2014,17.43
8/13/2014,17.42
8/12/2014,17.21
8/11/2014,17.17
8/8/2014,17.09
8/7/2014,16.82
8/6/2014,16.98
8/5/2014,16.87
8/4/2014,17.02
8/1/2014,16.81
7/31/2014,17.02
7/30/2014,17.46
7/29/2014,17.57
7/28/2014,17.64
7/25/2014,17.62
7/24/2014,17.84
7/23/2014,17.78
7/22/2014,17.82
7/21/2014,17.7
7/18/2014,17.72
7/17/2014,17.74
7/16/2014,17.8
7/15/2014,17.54
7/14/2014,17.55
7/11/2014,17.47
7/10/2014,17.3
7/9/2014,17.43
7/8/2014,17.11
7/7/2014,17.32
7/3/2014,17.32
7/2/2014,17.22
7/1/2014,17.21
6/30/2014,17.24
6/27/2014,17.28
6/26/2014,17.2
6/25/2014,17.2
6/24/2014,16.97
6/23/2014,16.88
6/20/2014,16.67
6/19/2014,16.78
6/18/2014,16.83
6/17/2014,16.79
6/16/2014,16.63
6/13/2014,16.56
6/12/2014,16.52
6/11/2014,16.9
6/10/2014,17.01
6/9/2014,17
6/6/2014,17.08
6/5/2014,16.68
6/4/2014,16.79
6/3/2014,16.55
6/2/2014,16.44
5/30/2014,16.44
5/29/2014,16.54
5/28/2014,16.31
5/27/2014,16.16
5/23/2014,16.02
5/22/2014,15.91
5/21/2014,15.91
5/20/2014,15.77
5/19/2014,15.92
5/16/2014,15.76
5/15/2014,15.69
5/14/2014,15.75
5/13/2014,15.86
5/12/2014,15.84
5/9/2014,15.77
5/8/2014,15.81
5/7/2014,15.46
5/6/2014,15.56
5/5/2014,15.74
5/2/2014,15.9
5/1/2014,15.91
4/30/2014,16.15
4/29/2014,16.12
4/28/2014,15.97
4/25/2014,15.78
4/24/2014,16.32
4/23/2014,16.23
4/22/2014,16.1
4/21/2014,15.98
4/17/2014,16
4/16/2014,16.07
4/15/2014,15.84
4/14/2014,15.7
4/11/2014,15.63
4/10/2014,15.63
4/9/2014,15.84
4/8/2014,16.1
4/7/2014,15.94
4/4/2014,16.13
4/3/2014,16.39
4/2/2014,16.46
4/1/2014,16.32
3/31/2014,15.6
3/28/2014,15.45
3/27/2014,15.25
3/26/2014,15.25
3/25/2014,15.33
3/24/2014,15.39
3/21/2014,15.47
3/20/2014,15.55
3/19/2014,15.48
3/18/2014,15.49
3/17/2014,15.28
3/14/2014,15.08
3/13/2014,15.18
3/12/2014,15.4
3/11/2014,15.3
3/10/2014,15.51
3/7/2014,15.62
3/6/2014,15.67
3/5/2014,15.63
3/4/2014,15.37
3/3/2014,15.2
2/28/2014,15.39
2/27/2014,15.39
2/26/2014,15.26
2/25/2014,15.15
2/24/2014,15.18
2/21/2014,15.16
2/20/2014,15.27
2/19/2014,15.25
2/18/2014,15.39
2/14/2014,15.24
2/13/2014,15.08
2/12/2014,15
2/11/2014,14.96
2/10/2014,14.84
2/7/2014,14.97
2/6/2014,14.85
2/5/2014,14.73
2/4/2014,14.87
2/3/2014,14.55
1/31/2014,14.96
1/30/2014,15.25
1/29/2014,15.26
1/28/2014,15.72
1/27/2014,15.71
1/24/2014,15.83
1/23/2014,16.43
1/22/2014,16.55
1/21/2014,16.41
1/17/2014,16.52
1/16/2014,16.73
1/15/2014,16.7
1/14/2014,16.4
1/13/2014,16.11
1/10/2014,16.07
1/9/2014,15.84
1/8/2014,15.54
1/7/2014,15.38
1/6/2014,15.58
1/3/2014,15.51
1/2/2014,15.44
12/31/2013,15.43
12/30/2013,15.28
12/27/2013,15.3
12/26/2013,15.33
12/24/2013,15.19
12/23/2013,15.15
12/20/2013,15.42
12/19/2013,15.3
12/18/2013,15.65
12/17/2013,16.7
12/16/2013,16.86
12/13/2013,16.59
12/12/2013,16.39
12/11/2013,16.41
12/10/2013,16.53
12/9/2013,16.56
12/6/2013,16.7
12/5/2013,16.74
12/4/2013,16.62
12/3/2013,16.56
12/2/2013,17.06
11/29/2013,17.08
11/27/2013,17.03
11/26/2013,16.87
11/25/2013,16.94
11/22/2013,17.01
11/21/2013,17.09
11/20/2013,16.92
11/19/2013,16.87
11/18/2013,16.98
11/15/2013,17.07
11/14/2013,17.09
11/13/2013,17.1
11/12/2013,16.72
11/11/2013,16.89
11/8/2013,16.85
11/7/2013,16.55
11/6/2013,16.91
11/5/2013,17.09
11/4/2013,17
11/1/2013,16.89
10/31/2013,17.11
10/30/2013,17.34
10/29/2013,17.61
10/28/2013,17.57
10/25/2013,17.6
10/24/2013,17.76
10/23/2013,17.52
10/22/2013,17.6
10/21/2013,17.5
10/18/2013,17.53
10/17/2013,17.46
10/16/2013,17.29
10/15/2013,16.97
10/14/2013,17.18
10/11/2013,17.11
10/10/2013,16.93
10/9/2013,16.62
10/8/2013,16.5
10/7/2013,16.81
10/4/2013,17.09
10/3/2013,16.95
10/2/2013,17.21
10/1/2013,17.19
9/30/2013,16.87
9/27/2013,17.05
9/26/2013,17.27
9/25/2013,17.19
9/24/2013,17.26
9/23/2013,17.2
9/20/2013,17.39
9/19/2013,17.66
9/18/2013,17.625
9/17/2013,17.44
9/16/2013,17.35
9/13/2013,17.35
9/12/2013,17.39
9/11/2013,17.54
9/10/2013,17.55
9/9/2013,17.31
9/6/2013,17
9/5/2013,17.3
9/4/2013,16.91
9/3/2013,16.34
8/30/2013,16.19
8/29/2013,16.5
8/28/2013,16.02
8/27/2013,15.88
8/26/2013,16.41
8/23/2013,16.45
8/22/2013,16.41
8/21/2013,16.25
8/20/2013,16.31
8/19/2013,16.12
8/16/2013,16.3
8/15/2013,16.43
8/14/2013,16.89
8/13/2013,17.06
8/12/2013,17.07
8/9/2013,17.02
8/8/2013,16.98
8/7/2013,16.77
8/6/2013,17.03
8/5/2013,17.19
8/2/2013,17.5
8/1/2013,17.19
7/31/2013,16.88
7/30/2013,17.08
7/29/2013,17.08
7/26/2013,17.02
7/25/2013,16.96
7/24/2013,17.37
7/23/2013,16.94
7/22/2013,17.04
7/19/2013,16.76
7/18/2013,16.93
7/17/2013,16.78
7/16/2013,16.6
7/15/2013,17.12
7/12/2013,17.11
7/11/2013,16.98
7/10/2013,16.72
7/9/2013,16.84
7/8/2013,16.81
7/5/2013,16.7
7/3/2013,16.43
7/2/2013,16.18
7/1/2013,15.74
6/28/2013,15.47
6/27/2013,15.65
6/26/2013,15.29
6/25/2013,14.97
6/24/2013,14.67
6/21/2013,15
6/20/2013,14.82
6/19/2013,15.32
6/18/2013,15.65
6/17/2013,15.55
6/14/2013,15.37
6/13/2013,15.58
6/12/2013,15.37
6/11/2013,15.51
6/10/2013,15.71
6/7/2013,15.73
6/6/2013,15.44
6/5/2013,15.25
6/4/2013,15.78
6/3/2013,15.89
5/31/2013,15.68
5/30/2013,15.9
5/29/2013,15.63
5/28/2013,15.28
5/24/2013,14.79
5/23/2013,14.81
5/22/2013,14.97
5/21/2013,14.95
5/20/2013,15.05
5/17/2013,15.08
5/16/2013,14.64
5/15/2013,14.67
5/14/2013,14.27
5/13/2013,14.01
5/10/2013,14.11
5/9/2013,14.2
5/8/2013,14.21
5/7/2013,14.19
5/6/2013,14.09
5/3/2013,13.83
5/2/2013,13.41
5/1/2013,13.38
4/30/2013,13.71
4/29/2013,13.66
4/26/2013,13.67
4/25/2013,13.47
4/24/2013,13.33
4/23/2013,13.36
4/22/2013,13.06
4/19/2013,12.93
4/18/2013,12.75
4/17/2013,12.925
4/16/2013,13.12
4/15/2013,12.95
4/12/2013,13.53
4/11/2013,13.55
4/10/2013,13.12
4/9/2013,12.8
4/8/2013,12.78
4/5/2013,12.44
4/4/2013,12.65
4/3/2013,12.68
4/2/2013,13.01
4/1/2013,12.9
3/28/2013,13.15
3/27/2013,13.22
3/26/2013,13.31
3/25/2013,13.29
3/22/2013,13.26
3/21/2013,13.26
3/20/2013,13.36
3/19/2013,13.16
3/18/2013,13.26
3/15/2013,13.45
3/14/2013,13.43
3/13/2013,13.4
3/12/2013,13.39
3/11/2013,13.34
3/8/2013,12.98
3/7/2013,12.83
3/6/2013,12.89
3/5/2013,12.87
3/4/2013,12.75
3/1/2013,12.61
2/28/2013,12.61
2/27/2013,12.76
2/26/2013,12.34
2/25/2013,12.13
2/22/2013,12.48
2/21/2013,12.39
2/20/2013,12.6
2/19/2013,12.99
2/15/2013,13.02
2/14/2013,13.11
2/13/2013,13.04
2/12/2013,13.08
2/11/2013,13.11
2/8/2013,13.1
2/7/2013,13.07
2/6/2013,13.2
2/5/2013,13.18
2/4/2013,12.88
2/1/2013,13.02
1/31/2013,12.95
1/30/2013,12.93
1/29/2013,13.14
1/28/2013,13.78
1/25/2013,13.68
1/24/2013,13.87
1/23/2013,13.88
1/22/2013,14.17
1/18/2013,14.11
1/17/2013,14.22
1/16/2013,14.22
1/15/2013,14.3
1/14/2013,13.99
1/11/2013,14
1/10/2013,13.83
1/9/2013,13.47
1/8/2013,13.35
1/7/2013,13.43
1/4/2013,13.57
1/3/2013,13.46
1/2/2013,13.2
12/31/2012,12.95
12/28/2012,12.87
12/27/2012,12.76
12/26/2012,12.79
12/24/2012,12.4
12/21/2012,11.86
12/20/2012,11.77
12/19/2012,11.73
12/18/2012,11.67
12/17/2012,11.39
12/14/2012,11.1
12/13/2012,11.27
12/12/2012,11.47
12/11/2012,11.49
12/10/2012,11.47
12/7/2012,11.48
12/6/2012,11.24
12/5/2012,11.31
12/4/2012,11.31
12/3/2012,11.41
11/30/2012,11.45
11/29/2012,11.53
11/28/2012,11.25
11/27/2012,11.1
11/26/2012,11.105
11/23/2012,11.1
11/21/2012,10.92
11/20/2012,10.85
11/19/2012,10.83
11/16/2012,10.5
11/15/2012,10.57
11/14/2012,10.67
11/13/2012,11
11/12/2012,10.97
11/9/2012,10.93
11/8/2012,10.9
11/7/2012,11.06
11/6/2012,11.42
11/5/2012,11.25
11/2/2012,11.17
11/1/2012,11.25
10/31/2012,11.16
10/26/2012,10.36
10/25/2012,10.39
10/24/2012,10.17
10/23/2012,10
10/22/2012,10.17
10/19/2012,10.1799
10/18/2012,10.43
10/17/2012,10.41
10/16/2012,10.3
10/15/2012,10.22
10/12/2012,10.12
10/11/2012,10.14
10/10/2012,9.98
10/9/2012,10.1
10/8/2012,10.05
10/5/2012,10.16
10/4/2012,10.11
10/3/2012,9.94
10/2/2012,9.79
10/1/2012,9.93
9/28/2012,9.86
9/27/2012,10.02
9/26/2012,10.01
9/25/2012,10.09
9/24/2012,10.32
9/21/2012,10.4
9/20/2012,10.44
9/19/2012,10.59
9/18/2012,10.42
9/17/2012,10.39
9/14/2012,10.53
9/13/2012,10.34
9/12/2012,10.21
9/11/2012,10.15
9/10/2012,10.11
9/7/2012,10.14
9/6/2012,9.915
9/5/2012,9.57
9/4/2012,9.41
8/31/2012,9.34
8/30/2012,9.31
8/29/2012,9.32
8/28/2012,9.34
8/27/2012,9.39
8/24/2012,9.49
8/23/2012,9.45
8/22/2012,9.49
8/21/2012,9.53
8/20/2012,9.63
8/17/2012,9.63
8/16/2012,9.59
8/15/2012,9.49
8/14/2012,9.44
8/13/2012,9.4
8/10/2012,9.35
8/9/2012,9.34
8/8/2012,9.35
8/7/2012,9.31
8/6/2012,9.15
8/3/2012,9.09
8/2/2012,8.92
8/1/2012,9.19
7/31/2012,9.24
7/30/2012,9.1
7/27/2012,9
7/26/2012,8.96
7/25/2012,8.97
7/24/2012,9.06
7/23/2012,9.17
7/20/2012,9.21
7/19/2012,9.35
7/18/2012,9.38
7/17/2012,9.34
7/16/2012,9.26
7/13/2012,9.27
7/12/2012,9.13
7/11/2012,9.33
7/10/2012,9.35
7/9/2012,9.45
7/6/2012,9.5
7/5/2012,9.57
7/3/2012,9.6
7/2/2012,9.39
6/29/2012,9.59
6/28/2012,10.09
6/27/2012,10.02
6/26/2012,10.01
6/25/2012,10.01
6/22/2012,10.19
6/21/2012,10.27
6/20/2012,10.65
6/19/2012,10.56
6/18/2012,10.34
6/15/2012,10.35
6/14/2012,10.41
6/13/2012,10.3
6/12/2012,10.5
6/11/2012,10.45
6/8/2012,10.66
6/7/2012,10.55
6/6/2012,10.57
6/5/2012,10.19
6/4/2012,10.04
6/1/2012,10.12
5/31/2012,10.56
5/30/2012,10.66
5/29/2012,10.84
5/25/2012,10.6
5/24/2012,10.59
5/23/2012,10.41
5/22/2012,10.19
5/21/2012,10.2
5/18/2012,10.01
5/17/2012,10.01
5/16/2012,10.16
5/15/2012,10.15
5/14/2012,10.32
5/11/2012,10.58
5/10/2012,10.71
5/9/2012,10.69
5/8/2012,10.61
5/7/2012,10.66
5/4/2012,10.67
5/3/2012,10.92
5/2/2012,11.1
5/1/2012,11.23
4/30/2012,11.28
4/27/2012,11.6
4/26/2012,11.87
4/25/2012,11.73
4/24/2012,11.39
4/23/2012,11.35
4/20/2012,11.41
4/19/2012,11.66
4/18/2012,11.79
4/17/2012,11.91
4/16/2012,11.88
4/13/2012,11.92
4/12/2012,12.07
4/11/2012,11.91
4/10/2012,11.79
4/9/2012,12.22
4/5/2012,12.47
4/4/2012,12.505
4/3/2012,12.64
4/2/2012,12.62
3/30/2012,12.475
3/29/2012,12.5
3/28/2012,12.32
3/27/2012,12.32
3/26/2012,12.48
3/23/2012,12.32
3/22/2012,12.32
3/21/2012,12.57
3/20/2012,12.54
3/19/2012,12.63
3/16/2012,12.51
3/15/2012,12.9
3/14/2012,12.88
3/13/2012,12.7
3/12/2012,12.43
3/9/2012,12.58
3/8/2012,12.46
3/7/2012,12.24
3/6/2012,12.09
3/5/2012,12.46
3/2/2012,12.72
3/1/2012,12.66
2/29/2012,12.38
2/28/2012,12.25
2/27/2012,12.3
2/24/2012,12.23
2/23/2012,12.4
2/22/2012,12.28
2/21/2012,12.53
2/17/2012,12.75
2/16/2012,12.74
2/15/2012,12.38
2/14/2012,12.48
2/13/2012,12.54
2/10/2012,12.44
2/9/2012,12.69
2/8/2012,12.84
2/7/2012,12.88
2/6/2012,12.96
2/3/2012,12.79
2/2/2012,12.26
2/1/2012,12.33
1/31/2012,12.42
1/30/2012,12.29
1/27/2012,12.21
1/26/2012,12.79
1/25/2012,12.93
1/24/2012,12.82
1/23/2012,12.66
1/20/2012,12.59
1/19/2012,12.61
1/18/2012,12.34
1/17/2012,12.015
1/13/2012,12.04
1/12/2012,12.14
1/11/2012,12.07
1/10/2012,11.8
1/9/2012,11.8
1/6/2012,11.71
1/5/2012,11.59
1/4/2012,11.3
1/3/2012,11.13
12/30/2011,10.76
12/29/2011,10.68
12/28/2011,10.52
12/27/2011,10.81
12/23/2011,10.95
12/22/2011,10.94
12/21/2011,10.66
12/20/2011,10.33
12/19/2011,10.02
12/16/2011,10.25
12/15/2011,10.25
12/14/2011,10.15
12/13/2011,10.48
12/12/2011,10.85
12/9/2011,11.03
12/8/2011,10.75
12/7/2011,11.08
12/6/2011,11.05
12/5/2011,11.11
12/2/2011,10.9
12/1/2011,10.59
11/30/2011,10.6
11/29/2011,9.99
11/28/2011,10
11/25/2011,9.75
11/23/2011,9.83
11/22/2011,10.09
11/21/2011,10.05
11/18/2011,10.1
11/17/2011,10.17
11/16/2011,10.56
11/15/2011,10.87
11/14/2011,11.02
11/11/2011,11.14
11/10/2011,10.99
11/9/2011,11.04
11/8/2011,11.61
11/7/2011,11.22
11/4/2011,11.27
11/3/2011,11.32
11/2/2011,11.15
11/1/2011,11.08
10/31/2011,11.68
10/28/2011,12
10/27/2011,11.97
10/26/2011,11.87
10/25/2011,12.43
10/24/2011,12.51
10/21/2011,12.26
10/20/2011,11.7
10/19/2011,11.56
10/18/2011,11.78
10/17/2011,11.4
10/14/2011,11.56
10/13/2011,11.34
10/12/2011,11.38
10/11/2011,11.24
10/10/2011,11.21
10/7/2011,10.69
10/6/2011,10.99
10/5/2011,10.56
10/4/2011,10.08
10/3/2011,9.37
9/30/2011,9.67
9/29/2011,10
9/28/2011,9.93
9/27/2011,10.12
9/26/2011,10.08
9/23/2011,9.86
9/22/2011,9.62
9/21/2011,9.97
9/20/2011,10.42
9/19/2011,10.54
9/16/2011,10.62
9/15/2011,10.63
9/14/2011,10.32
9/13/2011,10.17
9/12/2011,10.11
9/9/2011,10.05
9/8/2011,10.34
9/7/2011,10.56
9/6/2011,10.22
9/2/2011,10.42
9/1/2011,10.85
8/31/2011,11.12
8/30/2011,10.87
8/29/2011,10.93
8/26/2011,10.4
8/25/2011,10.28
8/24/2011,10.45
8/23/2011,10.31
8/22/2011,10.01
8/19/2011,9.99
8/18/2011,10.38
8/17/2011,11.11
8/16/2011,11.22
8/15/2011,11.35
8/12/2011,11.06
8/11/2011,10.94
8/10/2011,10.41
8/9/2011,10.91
8/8/2011,9.93
8/5/2011,10.84
8/4/2011,10.86
8/3/2011,11.65
8/2/2011,11.85
8/1/2011,12.35
7/29/2011,12.21
7/28/2011,12.32
7/27/2011,12.37
7/26/2011,12.94
7/25/2011,13.17
7/22/2011,13.31
7/21/2011,13.28
7/20/2011,13.08
7/19/2011,13.09
7/18/2011,12.9
7/15/2011,13.09
7/14/2011,13.09
7/13/2011,13.27
7/12/2011,13.12
7/11/2011,13.32
7/8/2011,13.88
7/7/2011,14.12
7/6/2011,13.96
7/5/2011,14.1
7/1/2011,14.02
6/30/2011,13.79
6/29/2011,13.42
6/28/2011,13.33
6/27/2011,13.46
6/24/2011,13.24
6/23/2011,13.47
6/22/2011,13.36
6/21/2011,13.32
6/20/2011,12.94
6/17/2011,12.77
6/16/2011,12.83
6/15/2011,13.15
6/14/2011,13.43
6/13/2011,13.14
6/10/2011,13.35
6/9/2011,13.8
6/8/2011,13.7
6/7/2011,13.95
6/6/2011,13.91
6/3/2011,14.01
6/2/2011,14.18
6/1/2011,14.23
5/31/2011,14.92
5/27/2011,14.6
5/26/2011,14.56
5/25/2011,14.58
5/24/2011,14.66
5/23/2011,14.8
5/20/2011,15
5/19/2011,15.12
5/18/2011,15.12
5/17/2011,14.97
5/16/2011,15.13
5/13/2011,15.08
5/12/2011,15.26
5/11/2011,15.15
5/10/2011,15.15
5/9/2011,15.08
5/6/2011,15.11
5/5/2011,15.08
5/4/2011,15.15
5/3/2011,15.38
5/2/2011,15.45
4/29/2011,15.47
4/28/2011,15.5
4/27/2011,15.58
4/26/2011,15.66
4/25/2011,15.54
4/21/2011,15.43
4/20/2011,15.09
4/19/2011,14.66
4/18/2011,14.62
4/15/2011,14.71
4/14/2011,14.81
4/13/2011,14.98
4/12/2011,14.91
4/11/2011,14.86
4/8/2011,15.33
4/7/2011,15.53
4/6/2011,15.73
4/5/2011,15.79
4/4/2011,15.55
4/1/2011,15.16
3/31/2011,14.91
3/30/2011,14.86
3/29/2011,14.84
3/28/2011,14.86
3/25/2011,15.01
3/24/2011,15.04
3/23/2011,14.31
3/22/2011,14.34
3/21/2011,14.59
3/18/2011,14.49
3/17/2011,14.26
3/16/2011,14.18
3/15/2011,14.67
3/14/2011,14.3
3/11/2011,14.36
3/10/2011,14.06
3/9/2011,14.29
3/8/2011,14.47
3/7/2011,14.01
3/4/2011,14.42
3/3/2011,14.76
3/2/2011,14.66
3/1/2011,14.66
2/28/2011,15.05
2/25/2011,15.07
2/24/2011,14.7
2/23/2011,14.86
2/22/2011,15.23
2/18/2011,15.77
2/17/2011,15.97
2/16/2011,16.05
2/15/2011,16.1
2/14/2011,16.09
2/11/2011,16.38
2/10/2011,15.95
2/9/2011,16.09
2/8/2011,16.24
2/7/2011,16.11
2/4/2011,15.72
2/3/2011,15.76
2/2/2011,15.4
2/1/2011,15.89
1/31/2011,15.95
1/28/2011,16.27
1/27/2011,18.79
1/26/2011,18.37
1/25/2011,17.89
1/24/2011,17.93
1/21/2011,17.95
1/20/2011,17.78
1/19/2011,17.9
1/18/2011,18.7
1/14/2011,18.65
1/13/2011,18.68
1/12/2011,18.71
1/11/2011,18.28
1/10/2011,18.31
1/7/2011,18.27
1/6/2011,18.22
1/5/2011,17.89
1/4/2011,17.38
1/3/2011,17.25
12/31/2010,16.79
12/30/2010,16.69
12/29/2010,16.74
12/28/2010,16.73
12/27/2010,16.87
12/23/2010,16.78
12/22/2010,16.99
12/21/2010,16.99
12/20/2010,16.85
12/17/2010,16.8
12/16/2010,16.77
12/15/2010,16.55
12/14/2010,16.42
12/13/2010,16.47
12/10/2010,16.73
12/9/2010,16.76
12/8/2010,16.69
12/7/2010,16.56
12/6/2010,16.65
12/3/2010,16.8
12/2/2010,16.78
12/1/2010,16.46
11/30/2010,15.94
11/29/2010,16.06
11/26/2010,16.1
11/24/2010,15.95
11/23/2010,15.7
11/22/2010,16.2
11/19/2010,16.28
11/18/2010,16.12
11/17/2010,16.68
11/16/2010,16.51
11/15/2010,17
11/12/2010,16.3
11/11/2010,16.61
11/10/2010,16.63
11/9/2010,16.07
11/8/2010,16.41
11/5/2010,16.21
11/4/2010,15.86
11/3/2010,15.18
11/2/2010,14.43
11/1/2010,14.23
10/29/2010,14.13
10/28/2010,14.22
10/27/2010,14.23
10/26/2010,14.36
10/25/2010,14.15
10/22/2010,13.95
10/21/2010,13.81
10/20/2010,13.64
10/19/2010,13.32
10/18/2010,13.88
10/15/2010,13.8
10/14/2010,13.91
10/13/2010,13.64
10/12/2010,13.78
10/11/2010,13.78
10/8/2010,13.66
10/7/2010,13.32
10/6/2010,13.24
10/5/2010,13.01
10/4/2010,12.84
10/1/2010,12.26
9/30/2010,12.24
9/29/2010,12.33
9/28/2010,12.52
9/27/2010,12.48
9/24/2010,12.56
9/23/2010,12.31
9/22/2010,12.38
9/21/2010,12.55
9/20/2010,12.57
9/17/2010,12.49
9/16/2010,12.44
9/15/2010,11.87
9/14/2010,11.98
9/13/2010,11.99
9/10/2010,11.79
9/9/2010,11.75
9/8/2010,11.8
9/7/2010,11.8
9/3/2010,12.07
9/2/2010,11.71
9/1/2010,11.61
8/31/2010,11.285
8/30/2010,11.35
8/27/2010,11.56
8/26/2010,11.17
8/25/2010,11.32
8/24/2010,11.2425
8/23/2010,11.61
8/20/2010,11.77
8/19/2010,11.89
8/18/2010,12.2
8/17/2010,12.16
8/16/2010,11.99
8/13/2010,12.15
8/12/2010,12.27
8/11/2010,12.41
8/10/2010,12.92
8/9/2010,13.05
8/6/2010,13.04
8/5/2010,12.98
8/4/2010,13.11
8/3/2010,12.91
8/2/2010,13.16
7/30/2010,12.77
7/29/2010,12.97
7/28/2010,12.91
7/27/2010,13.03
7/26/2010,12.94
7/23/2010,12.72
7/22/2010,12.09
7/21/2010,11.55
7/20/2010,11.75
7/19/2010,11.48
7/16/2010,11.34
7/15/2010,11.86
7/14/2010,11.81
7/13/2010,11.66
7/12/2010,11.1
7/9/2010,10.85
7/8/2010,10.62
7/7/2010,10.59
7/6/2010,10.16
7/2/2010,10.28
7/1/2010,10.57
6/30/2010,10.08
6/29/2010,9.88
6/28/2010,10.43
6/25/2010,10.75
6/24/2010,10.78
6/23/2010,11.03
6/22/2010,11.215
6/21/2010,11.53
6/18/2010,11.46
6/17/2010,11.48
6/16/2010,11.63
6/15/2010,11.7
6/14/2010,11.46
6/11/2010,11.4
6/10/2010,11.39
6/9/2010,11.05
6/8/2010,11.22
6/7/2010,11.09
6/4/2010,11.5
6/3/2010,11.96
6/2/2010,11.85
6/1/2010,11.41
5/28/2010,11.73
5/27/2010,11.99
5/26/2010,11.39
5/25/2010,11.02
5/24/2010,11.01
5/21/2010,11.26
5/20/2010,10.8
5/19/2010,11.55
5/18/2010,11.545
5/17/2010,11.95
5/14/2010,12.11
5/13/2010,12.42
5/12/2010,12.68
5/11/2010,12.31
5/10/2010,12.15
5/7/2010,11.51
5/6/2010,11.78
5/5/2010,12.34
5/4/2010,12.85
5/3/2010,13.3
4/30/2010,13.02
4/29/2010,13.58
4/28/2010,13.25
4/27/2010,13.57
4/26/2010,14.46
4/23/2010,14.21
4/22/2010,14.2
4/21/2010,14.13
4/20/2010,13.91
4/19/2010,13.6
4/16/2010,13.42
4/15/2010,13.76
4/14/2010,13.35
4/13/2010,12.79
4/12/2010,12.77
4/9/2010,12.72
4/8/2010,12.63
4/7/2010,12.58
4/6/2010,12.7
4/5/2010,12.77
4/1/2010,12.63
3/31/2010,12.57
3/30/2010,13.28
3/29/2010,13.57
3/26/2010,13.86
3/25/2010,13.8
3/24/2010,13.9
3/23/2010,13.9
3/22/2010,13.99
3/19/2010,13.29
3/18/2010,13.73
3/17/2010,14.1
3/16/2010,13.49
3/15/2010,13.4
3/12/2010,13.34
3/11/2010,12.91
3/10/2010,12.82
3/9/2010,12.8
3/8/2010,12.93
3/5/2010,13
3/4/2010,12.79
3/3/2010,12.69
3/2/2010,12.22
3/1/2010,12.41
2/26/2010,11.74
2/25/2010,11.78
2/24/2010,11.73
2/23/2010,11.6
2/22/2010,11.21
2/19/2010,11.29
2/18/2010,11.38
2/17/2010,11.49
2/16/2010,11.32
2/12/2010,11.12
2/11/2010,11.18
2/10/2010,10.94
2/9/2010,11.15
2/8/2010,10.97
2/5/2010,10.91
2/4/2010,11.06
2/3/2010,11.64
2/2/2010,11.39
2/1/2010,11.12
1/29/2010,10.84
1/28/2010,11.41
1/27/2010,11.55
1/26/2010,11.19
1/25/2010,11.03
1/22/2010,10.52
1/21/2010,11.18
1/20/2010,11.51
1/19/2010,11.75
1/15/2010,11.6
1/14/2010,11.76
1/13/2010,11.68
1/12/2010,11.87
1/11/2010,12.11
1/8/2010,11.69
1/7/2010,11.66
1/6/2010,11.37
1/5/2010,10.96
1/4/2010,10.28
12/31/2009,10
12/30/2009,9.99
12/29/2009,10.11
12/28/2009,10.2
12/24/2009,10.13
12/23/2009,10.08
12/22/2009,9.9
12/21/2009,9.67
12/18/2009,9.68
12/17/2009,9.39
12/16/2009,9.49
12/15/2009,9.39
12/14/2009,9.08
12/11/2009,9
12/10/2009,9.05
12/9/2009,8.86
12/8/2009,8.82
12/7/2009,8.91
12/4/2009,8.94
12/3/2009,8.94
12/2/2009,9.01
12/1/2009,8.88
11/30/2009,8.89
11/27/2009,8.73
11/25/2009,8.81
11/24/2009,8.81
11/23/2009,8.73
11/20/2009,8.64
11/19/2009,8.73
11/18/2009,8.94
11/17/2009,8.98
11/16/2009,8.71
11/13/2009,8.41
11/12/2009,8.2
11/11/2009,8.33
11/10/2009,8.24
11/9/2009,8.18
11/6/2009,7.75
11/5/2009,7.45
11/4/2009,7.27
11/3/2009,7.44
11/2/2009,7.58
10/30/2009,7
10/29/2009,7.3
10/28/2009,6.96
10/27/2009,7.33
10/26/2009,7.47
10/23/2009,7.63
10/22/2009,7.76
10/21/2009,7.78
10/20/2009,7.71
10/19/2009,7.57
10/16/2009,7.42
10/15/2009,7.66
10/14/2009,7.66
10/13/2009,7.62
10/12/2009,7.62
10/9/2009,7.12
10/8/2009,7.18
10/7/2009,7.13
10/6/2009,7.14
10/5/2009,7.05
10/2/2009,6.84
10/1/2009,6.97
9/30/2009,7.21
9/29/2009,7.45
9/28/2009,7.49
9/25/2009,7.29
9/24/2009,7.33
9/23/2009,7.36
9/22/2009,7.01
9/21/2009,6.83
9/18/2009,6.94
9/17/2009,6.92
9/16/2009,7.15
9/15/2009,7.2
9/14/2009,7.39
9/11/2009,7.33
9/10/2009,7.44
9/9/2009,7.39
9/8/2009,7.3
9/4/2009,7.43
9/3/2009,7.48
9/2/2009,7.03
9/1/2009,7.24
8/31/2009,7.6
8/28/2009,7.73
8/27/2009,7.67
8/26/2009,7.61
8/25/2009,7.59
8/24/2009,7.41
8/21/2009,7.74
8/20/2009,7.68
8/19/2009,7.65
8/18/2009,7.64
8/17/2009,7.37
8/14/2009,7.83
8/13/2009,7.9
8/12/2009,7.7
8/11/2009,7.81
8/10/2009,7.72
8/7/2009,8.01
8/6/2009,8.07
8/5/2009,8.44
8/4/2009,8.3
8/3/2009,8.33
7/31/2009,8
7/30/2009,7.39
7/29/2009,7.12
7/28/2009,7.14
7/27/2009,7.27
7/24/2009,6.78
7/23/2009,6.98
7/22/2009,6.38
7/21/2009,6.2
7/20/2009,6.19
7/17/2009,6.14
7/16/2009,6.13
7/15/2009,6.05
7/14/2009,5.84
7/13/2009,5.69
7/10/2009,5.72
7/9/2009,5.63
7/8/2009,5.35
7/7/2009,5.53
7/6/2009,5.75
7/2/2009,5.95
7/1/2009,5.91
6/30/2009,6.07
6/29/2009,5.78
6/26/2009,5.61
6/25/2009,5.68
6/24/2009,5.63
6/23/2009,5.53
6/22/2009,5.38
6/19/2009,5.72
6/18/2009,5.68
6/17/2009,5.71
6/16/2009,5.67
6/15/2009,5.93
6/12/2009,6.11
6/11/2009,5.98
6/10/2009,6.19
6/9/2009,6.26
6/8/2009,6.38
6/5/2009,6.36
6/4/2009,6.36
6/3/2009,6.18
6/2/2009,6.41
6/1/2009,6.13
5/29/2009,5.75
5/28/2009,5.56
5/27/2009,5.34
5/26/2009,5.4
5/22/2009,5.26
5/21/2009,5.33
5/20/2009,5.41
5/19/2009,5.63
5/18/2009,5.5
5/15/2009,5.49
5/14/2009,5.16
5/13/2009,4.96
5/12/2009,5.01
5/11/2009,6.08
5/8/2009,6.24
5/7/2009,6.06
5/6/2009,6.26
5/5/2009,5.85
5/4/2009,5.875
5/1/2009,5.69
4/30/2009,5.98
4/29/2009,5.45
4/28/2009,5.19
4/27/2009,5.11
4/24/2009,5
4/23/2009,4.49
4/22/2009,4.28
4/21/2009,3.8
4/20/2009,3.69
4/17/2009,4
4/16/2009,4.16
4/15/2009,4.04
4/14/2009,4.3
4/13/2009,4.26
4/9/2009,4.24
4/8/2009,3.95
4/7/2009,3.49
4/6/2009,3.77
4/3/2009,3.25
4/2/2009,2.91
4/1/2009,2.74
3/31/2009,2.63
3/30/2009,2.76
3/27/2009,2.84
3/26/2009,2.94
3/25/2009,2.77
3/24/2009,2.8
3/23/2009,2.9
3/20/2009,2.75
3/19/2009,2.51
3/18/2009,2.47
3/17/2009,2.28
3/16/2009,2.1
3/13/2009,2.19
3/12/2009,2.1
3/11/2009,1.96
3/10/2009,1.85
3/9/2009,1.74
3/6/2009,1.7
3/5/2009,1.81
3/4/2009,1.87
3/3/2009,1.81
3/2/2009,1.88
2/27/2009,2
2/26/2009,1.98
2/25/2009,2.01
2/24/2009,2
2/23/2009,1.73
2/20/2009,1.58
2/19/2009,1.63
2/18/2009,1.67
2/17/2009,1.69
2/13/2009,1.76
2/12/2009,1.79
2/11/2009,1.85
2/10/2009,1.82
2/9/2009,1.9
2/6/2009,1.94
2/5/2009,1.93
2/4/2009,1.95
2/3/2009,1.96
2/2/2009,1.88
1/30/2009,1.87
1/29/2009,1.95
1/28/2009,2.03
1/27/2009,1.97
1/26/2009,1.94
1/23/2009,1.8
1/22/2009,1.94
1/21/2009,2.09
1/20/2009,2.13
1/16/2009,2.19
1/15/2009,2.23
1/14/2009,2.26
1/13/2009,2.48
1/12/2009,2.64
1/9/2009,2.63
1/8/2009,2.69
1/7/2009,2.69
1/6/2009,2.76
1/5/2009,2.58
1/2/2009,2.46
12/31/2008,2.29
12/30/2008,2.29
12/29/2008,2.22
12/26/2008,2.29
12/24/2008,2.11
12/23/2008,2.19
12/22/2008,2.59
12/19/2008,2.95
12/18/2008,2.84
12/17/2008,3.14
12/16/2008,3.13
12/15/2008,3.18
12/12/2008,3.04
12/11/2008,2.9
12/10/2008,3.25
12/9/2008,3.23
12/8/2008,3.38
12/5/2008,2.72
12/4/2008,2.66
12/3/2008,2.85
12/2/2008,2.7
12/1/2008,2.55
11/28/2008,2.69
11/26/2008,2.15
11/25/2008,1.66
11/24/2008,1.56
11/21/2008,1.43
11/20/2008,1.39
11/19/2008,1.26
11/18/2008,1.68
11/17/2008,1.72
11/14/2008,1.8
11/13/2008,1.9
11/12/2008,1.84
11/11/2008,1.8
11/10/2008,1.93
11/7/2008,2.02
11/6/2008,1.98
11/5/2008,2.09
11/4/2008,2.16
11/3/2008,2.13
10/31/2008,2.19
10/30/2008,2.28
10/29/2008,2.16
10/28/2008,2.15
10/27/2008,2.03
10/24/2008,2.01
10/23/2008,2
10/22/2008,2.1
10/21/2008,2.17
10/20/2008,2.33
10/17/2008,2.43
10/16/2008,2.27
10/15/2008,2.3
10/14/2008,2.45
10/13/2008,2.39
10/10/2008,1.99
10/9/2008,2.08
10/8/2008,2.66
10/7/2008,2.92
10/6/2008,3.69
10/3/2008,4.05
10/2/2008,4.35
10/1/2008,4.55
9/30/2008,5.2
9/29/2008,4.17
9/26/2008,4.81
9/25/2008,4.98
9/24/2008,5.03
9/23/2008,4.86
9/22/2008,4.95
9/19/2008,5.29
9/18/2008,5.28
9/17/2008,4.94
9/16/2008,5.07
9/15/2008,4.74
9/12/2008,4.91
9/11/2008,4.68
9/10/2008,4.47
9/9/2008,4.4
9/8/2008,4.55
9/5/2008,4.41
9/4/2008,4.39
9/3/2008,4.57
9/2/2008,4.51
8/29/2008,4.46
8/28/2008,4.43
8/27/2008,4.26
8/26/2008,4.35
8/25/2008,4.41
8/22/2008,4.47
8/21/2008,4.42
8/20/2008,4.61
8/19/2008,4.72
8/18/2008,4.89
8/15/2008,5.11
8/14/2008,5.1
8/13/2008,4.88
8/12/2008,5.19
8/11/2008,5.16
8/8/2008,5.26
8/7/2008,4.86
8/6/2008,4.94
8/5/2008,5.09
8/4/2008,4.81
8/1/2008,4.65
7/31/2008,4.8
7/30/2008,4.84
7/29/2008,5.02
7/28/2008,4.75
7/25/2008,5.05
7/24/2008,5.11
7/23/2008,6.03
7/22/2008,5.84
7/21/2008,5.48
7/18/2008,5.44
7/17/2008,5.49
7/16/2008,5.49
7/15/2008,4.65
7/14/2008,4.66
7/11/2008,4.86
7/10/2008,4.58
7/9/2008,4.95
7/8/2008,4.9
7/7/2008,4.47
7/3/2008,4.42
7/2/2008,4.36
7/1/2008,4.71
6/30/2008,4.81
6/27/2008,4.98
6/26/2008,5.07
6/25/2008,5.24
6/24/2008,5.32
6/23/2008,5.28
6/20/2008,5.81
6/19/2008,6.32
6/18/2008,6.22
6/17/2008,6.6
6/16/2008,6.5
6/13/2008,6.27
6/12/2008,6
6/11/2008,5.97
6/10/2008,6.12
6/9/2008,6.36
6/6/2008,6.04
6/5/2008,6.4
6/4/2008,6.46
6/3/2008,6.68
6/2/2008,6.64
5/30/2008,6.8
5/29/2008,6.71
5/28/2008,6.78
5/27/2008,6.8
5/23/2008,6.87
5/22/2008,7.16
5/21/2008,7.8
5/20/2008,8
5/19/2008,8.02
5/16/2008,8.11
5/15/2008,8.17
5/14/2008,8.14
5/13/2008,8.23
5/12/2008,8.15
5/9/2008,8.1
5/8/2008,8.2
5/7/2008,7.96
5/6/2008,8.27
5/5/2008,8.33
5/2/2008,8.27
5/1/2008,8.48
4/30/2008,8.26
4/29/2008,8.12
4/28/2008,8.21
4/25/2008,7.5
4/24/2008,8.4
4/23/2008,7.52
4/22/2008,7.65
4/21/2008,7.73
4/18/2008,7.45
4/17/2008,7.26
4/16/2008,7.19
4/15/2008,6.88
4/14/2008,6.78
4/11/2008,6.69
4/10/2008,6.74
4/9/2008,6.72
4/8/2008,6.91
4/7/2008,6.73
4/4/2008,6.49
4/3/2008,6.46
4/2/2008,6.13
4/1/2008,5.97
3/31/2008,5.72
3/28/2008,5.59
3/27/2008,5.83
3/26/2008,5.87
3/25/2008,6
3/24/2008,5.96
3/20/2008,5.62
3/19/2008,5.45
3/18/2008,5.29
3/17/2008,5.11
3/14/2008,5.29
3/13/2008,5.39
3/12/2008,5.7
3/11/2008,5.9
3/10/2008,5.6
3/7/2008,5.78
3/6/2008,5.94
3/5/2008,6.12
3/4/2008,6.13
3/3/2008,6.18
2/29/2008,6.53
2/28/2008,6.62
2/27/2008,6.6
2/26/2008,6.52
2/25/2008,6.46
2/22/2008,6.25
2/21/2008,6.23
2/20/2008,6.41
2/19/2008,6.48
2/15/2008,6.45
2/14/2008,6.46
2/13/2008,6.58
2/12/2008,6.46
2/11/2008,6.39
2/8/2008,6.08
2/7/2008,6.17
2/6/2008,6.31
2/5/2008,6.43
2/4/2008,6.68
2/1/2008,6.85
1/31/2008,6.64
1/30/2008,6.75
1/29/2008,6.69
1/28/2008,6.67
1/25/2008,6.58
1/24/2008,6.26
1/23/2008,6.3
1/22/2008,5.93
1/18/2008,5.92
1/17/2008,5.76
1/16/2008,5.86
1/15/2008,5.97
1/14/2008,6.18
1/11/2008,6.06
1/10/2008,6.25
1/9/2008,6.07
1/8/2008,6.1
1/7/2008,6.16
1/4/2008,6.13
1/3/2008,6.45
1/2/2008,6.6
12/31/2007,6.73
12/28/2007,6.7
12/27/2007,6.84
12/26/2007,6.89
12/24/2007,6.75
12/21/2007,6.79
12/20/2007,6.79
12/19/2007,6.76
12/18/2007,6.81
12/17/2007,6.8
12/14/2007,6.89
12/13/2007,6.99
12/12/2007,7.06
12/11/2007,6.97
12/10/2007,7.14
12/7/2007,7.06
12/6/2007,7.06
12/5/2007,6.98
12/4/2007,6.97
12/3/2007,7.25
11/30/2007,7.51
11/29/2007,7.29
11/28/2007,7.36
11/27/2007,7.07
11/26/2007,7.03
11/23/2007,7.19
11/21/2007,6.95
11/20/2007,7.24
11/19/2007,7.34
11/16/2007,7.7
11/15/2007,7.78
11/14/2007,7.98
11/13/2007,8
11/12/2007,7.87
11/9/2007,8.2
11/8/2007,8.48
11/7/2007,8.24
11/6/2007,8.63
11/5/2007,8.67
11/2/2007,8.95
11/1/2007,8.5
10/31/2007,8.87
10/30/2007,8.8
10/29/2007,8.77
10/26/2007,8.67
10/25/2007,8.6
10/24/2007,8.59
10/23/2007,8.65
10/22/2007,8.34
10/19/2007,8.37
10/18/2007,8.76
10/17/2007,8.69
10/16/2007,8.78
10/15/2007,8.99
10/12/2007,9.2
10/11/2007,8.76
10/10/2007,8.23
10/9/2007,8.32
10/8/2007,8.19
10/5/2007,8.37
10/4/2007,8.26
10/3/2007,8.43
10/2/2007,8.57
10/1/2007,8.23
9/28/2007,8.49
9/27/2007,8.63
9/26/2007,8.88
9/25/2007,8.34
9/24/2007,8.48
9/21/2007,8.23
9/20/2007,8.25
9/19/2007,8.4
9/18/2007,8.42
9/17/2007,8.28
9/14/2007,8.03
9/13/2007,7.92
9/12/2007,7.5
9/11/2007,7.58
9/10/2007,7.52
9/7/2007,7.52
9/6/2007,7.78
9/5/2007,7.77
9/4/2007,7.99
8/31/2007,7.81
8/30/2007,7.67
8/29/2007,7.72
8/28/2007,7.51
8/27/2007,7.8
8/24/2007,7.9
8/23/2007,7.75
8/22/2007,7.85
8/21/2007,7.92
8/20/2007,8
8/17/2007,7.83
8/16/2007,7.7
8/15/2007,8
8/14/2007,8.07
8/13/2007,8.37
8/10/2007,8.23
8/9/2007,8.38
8/8/2007,8.87
8/7/2007,8.3
8/6/2007,8.19
8/3/2007,8.06
8/2/2007,8.4
8/1/2007,8.43
7/31/2007,8.51
7/30/2007,8.74
7/27/2007,8.23
7/26/2007,8.09
7/25/2007,7.97
7/24/2007,8.26
7/23/2007,8.46
7/20/2007,8.4
7/19/2007,8.63
7/18/2007,8.63
7/17/2007,8.73
7/16/2007,8.86
7/13/2007,8.97
7/12/2007,8.96
7/11/2007,8.9
7/10/2007,9.09
7/9/2007,9.08
7/6/2007,9.11
7/5/2007,9.15
7/3/2007,9.42
7/2/2007,9.64
6/29/2007,9.42
6/28/2007,9.49
6/27/2007,9.28
6/26/2007,8.96
6/25/2007,9.03
6/22/2007,9.13
6/21/2007,8.91
6/20/2007,8.86
6/19/2007,8.65
6/18/2007,8.85
6/15/2007,8.92
6/14/2007,8.66
6/13/2007,8.56
6/12/2007,8.32
6/11/2007,8.4
6/8/2007,8.24
6/7/2007,8.06
6/6/2007,8.26
6/5/2007,8.31
6/4/2007,8.27
6/1/2007,8.35
5/31/2007,8.34
5/30/2007,8.5
5/29/2007,8.4
5/25/2007,8.45
5/24/2007,8.49
5/23/2007,8.76
5/22/2007,8.68
5/21/2007,8.78
5/18/2007,8.69
5/17/2007,8.76
5/16/2007,8.76
5/15/2007,8.91
5/14/2007,8.71
5/11/2007,8.37
5/10/2007,8.24
5/9/2007,8.35
5/8/2007,8.37
5/7/2007,8.16
5/4/2007,8.22
5/3/2007,8.19
5/2/2007,8.17
5/1/2007,8.05
4/30/2007,8.04
4/27/2007,8.05
4/26/2007,8.2
4/25/2007,7.88
4/24/2007,7.82
4/23/2007,7.83
4/20/2007,7.75
4/19/2007,7.74
4/18/2007,7.82
4/17/2007,7.85
4/16/2007,8.03
4/13/2007,8.02
4/12/2007,8.09
4/11/2007,8.13
4/10/2007,8.19
4/9/2007,8.08
4/5/2007,8.01
4/4/2007,8.04
4/3/2007,8.08
4/2/2007,8.09
3/30/2007,7.89
3/29/2007,7.95
3/28/2007,7.98
3/27/2007,7.85
3/26/2007,7.87
3/23/2007,7.89
3/22/2007,8.08
3/21/2007,8.01
3/20/2007,7.88
3/19/2007,7.82
3/16/2007,7.55
3/15/2007,7.59
3/14/2007,7.51
3/13/2007,7.64
3/12/2007,7.82
3/9/2007,7.93
3/8/2007,7.93
3/7/2007,7.62
3/6/2007,7.64
3/5/2007,7.58
3/2/2007,7.59
3/1/2007,7.77
2/28/2007,7.91
2/27/2007,7.78
2/26/2007,8.26
2/23/2007,8.3
2/22/2007,8.35
2/21/2007,8.47
2/20/2007,8.65
2/16/2007,8.53
2/15/2007,8.6
2/14/2007,8.51
2/13/2007,8.45
2/12/2007,8.65
2/9/2007,8.73
2/8/2007,8.55
2/7/2007,8.56
2/6/2007,8.54
2/5/2007,8.33
2/2/2007,8.23
2/1/2007,8.29
1/31/2007,8.13
1/30/2007,8.2
1/29/2007,8.37
1/26/2007,8.42
1/25/2007,8.22
1/24/2007,8.2
1/23/2007,8.3
1/22/2007,8.41
1/19/2007,8.3
1/18/2007,8.18
1/17/2007,8.04
1/16/2007,7.94
1/12/2007,7.89
1/11/2007,7.77
1/10/2007,7.73
1/9/2007,7.79
1/8/2007,7.73
1/5/2007,7.62
1/4/2007,7.7
1/3/2007,7.51
12/29/2006,7.51
12/28/2006,7.5
12/27/2006,7.58
12/26/2006,7.49
12/22/2006,7.42
12/21/2006,7.31
12/20/2006,7.33
12/19/2006,7.18
12/18/2006,7.03
12/15/2006,7.08
12/14/2006,7.11
12/13/2006,6.88
12/12/2006,7.09
12/11/2006,7.24
12/8/2006,7.23
12/7/2006,7.16
12/6/2006,7.36
12/5/2006,7.68
12/4/2006,7.89
12/1/2006,8.04
11/30/2006,8.13
11/29/2006,8.17
11/28/2006,8.15
11/27/2006,8.16
11/24/2006,8.52
11/22/2006,8.61
11/21/2006,8.56
11/20/2006,8.67
11/17/2006,8.89
11/16/2006,9.03
11/15/2006,9
11/14/2006,8.8
11/13/2006,8.87
11/10/2006,8.58
11/9/2006,8.56
11/8/2006,8.63
11/7/2006,8.73
11/6/2006,8.66
11/3/2006,8.38
11/2/2006,8.56
11/1/2006,8.52
10/31/2006,8.28
10/30/2006,8.25
10/27/2006,8.29
10/26/2006,8.48
10/25/2006,8.49
10/24/2006,8.3
10/23/2006,7.9
10/20/2006,8.01
10/19/2006,8.03
10/18/2006,8.05
10/17/2006,8.03
10/16/2006,8.08
10/13/2006,8.17
10/12/2006,8.23
10/11/2006,8.27
10/10/2006,8.19
10/9/2006,8.19
10/6/2006,8.31
10/5/2006,8.33
10/4/2006,8.56
10/3/2006,8.23
10/2/2006,8.13
9/29/2006,8.09
9/28/2006,8.16
9/27/2006,8
9/26/2006,8.41
9/25/2006,8.15
9/22/2006,8
9/21/2006,7.76
9/20/2006,7.75
9/19/2006,7.66
9/18/2006,7.82
9/15/2006,8.02
9/14/2006,9.09
9/13/2006,9.19
9/12/2006,9.06
9/11/2006,8.71
9/8/2006,8.77
9/7/2006,8.58
9/6/2006,8.55
9/5/2006,8.39
9/1/2006,8.27
8/31/2006,8.37
8/30/2006,8.27
8/29/2006,8.26
8/28/2006,8.05
8/25/2006,8
8/24/2006,7.76
8/23/2006,7.76
8/22/2006,7.42
8/21/2006,7.47
8/18/2006,8
8/17/2006,8.17
8/16/2006,8.26
8/15/2006,7.92
8/14/2006,7.83
8/11/2006,7.37
8/10/2006,7.39
8/9/2006,7.33
8/8/2006,7.37
8/7/2006,7.17
8/4/2006,7.13
8/3/2006,6.86
8/2/2006,6.96
8/1/2006,6.58
7/31/2006,6.67
7/28/2006,6.84
7/27/2006,6.83
7/26/2006,6.75
7/25/2006,6.59
7/24/2006,6.36
7/21/2006,6.28
7/20/2006,6.19
7/19/2006,6.33
7/18/2006,6.44
7/17/2006,6.41
7/14/2006,6.38
7/13/2006,6.56
7/12/2006,6.88
7/11/2006,6.8
7/10/2006,6.9
7/7/2006,6.73
7/6/2006,6.59
7/5/2006,6.61
7/3/2006,6.71
6/30/2006,6.93
6/29/2006,6.4
6/28/2006,6.36
6/27/2006,6.54
6/26/2006,6.55
6/23/2006,6.52
6/22/2006,6.43
6/21/2006,6.43
6/20/2006,6.4
6/19/2006,6.74
6/16/2006,6.69
6/15/2006,6.78
6/14/2006,6.61
6/13/2006,6.68
6/12/2006,6.77
6/9/2006,6.77
6/8/2006,6.66
6/7/2006,6.79
6/6/2006,6.9
6/5/2006,6.95
6/2/2006,7.1
6/1/2006,7.23
5/31/2006,7.16
5/30/2006,6.98
5/26/2006,7.31
5/25/2006,7.15
5/24/2006,6.93
5/23/2006,6.85
5/22/2006,6.9
5/19/2006,7.03
5/18/2006,6.9
5/17/2006,6.91
5/16/2006,7.02
5/15/2006,7.13
5/12/2006,7.11
5/11/2006,7.12
5/10/2006,7.06
5/9/2006,7.17
5/8/2006,6.97
5/5/2006,6.93
5/4/2006,6.83
5/3/2006,6.78
5/2/2006,6.91
5/1/2006,6.91
4/28/2006,6.95
4/27/2006,7.2
4/26/2006,7.25
4/25/2006,6.98
4/24/2006,6.96
4/21/2006,7.32
4/20/2006,7.95
4/19/2006,7.6
4/18/2006,7.47
4/17/2006,7.33
4/13/2006,7.35
4/12/2006,7.28
4/11/2006,7.17
4/10/2006,7.52
4/7/2006,7.6
4/6/2006,7.65
4/5/2006,7.57
4/4/2006,7.68
4/3/2006,7.77
3/31/2006,7.96
3/30/2006,8.16
3/29/2006,8.26
3/28/2006,8.13
3/27/2006,8.06
3/24/2006,8.09
3/23/2006,8.08
3/22/2006,8.15
3/21/2006,8.05
3/20/2006,7.93
3/17/2006,7.81
3/16/2006,7.93
3/15/2006,7.85
3/14/2006,7.73
3/13/2006,7.86
3/10/2006,7.84
3/9/2006,7.75
3/8/2006,7.55
3/7/2006,7.65
3/6/2006,7.69
3/3/2006,7.57
3/2/2006,7.66
3/1/2006,7.95
2/28/2006,7.97
2/27/2006,8.08
2/24/2006,8.1
2/23/2006,8.17
2/22/2006,8.3
2/21/2006,8.39
2/17/2006,8.45
2/16/2006,8.39
2/15/2006,8.38
2/14/2006,8.3
2/13/2006,8.2
2/10/2006,8.27
2/9/2006,8.36
2/8/2006,8.23
2/7/2006,8.09
2/6/2006,8.11
2/3/2006,8.26
2/2/2006,8.37
2/1/2006,8.66
1/31/2006,8.58
1/30/2006,8.68
1/27/2006,8.65
1/26/2006,8.67
1/25/2006,8.62
1/24/2006,8.4
1/23/2006,8.32
1/20/2006,7.9
1/19/2006,8.22
1/18/2006,8.221
1/17/2006,8.31
1/13/2006,8.55
1/12/2006,8.56
1/11/2006,8.93
1/10/2006,8.77
1/9/2006,8.62
1/6/2006,8.52
1/5/2006,8.35
1/4/2006,8.01
1/3/2006,7.83
12/30/2005,7.72
12/29/2005,7.81
12/28/2005,7.84
12/27/2005,7.89
12/23/2005,7.9
12/22/2005,7.95
12/21/2005,8.02
12/20/2005,8.05
12/19/2005,8.23
12/16/2005,8.3
12/15/2005,8.17
12/14/2005,8.16
12/13/2005,8.13
12/12/2005,8.19
12/9/2005,8.18
12/8/2005,8.17
12/7/2005,8.2
12/6/2005,8.11
12/5/2005,8.06
12/2/2005,8.15
12/1/2005,8.1
11/30/2005,8.13
11/29/2005,8.53
11/28/2005,8.36
11/25/2005,8.32
11/23/2005,8.43
11/22/2005,8.34
11/21/2005,8.32
11/18/2005,8.4
11/17/2005,7.8
11/16/2005,7.65
11/15/2005,7.84
11/14/2005,7.93
11/11/2005,7.97
11/10/2005,7.82
11/9/2005,8.03
11/8/2005,8.26
11/7/2005,8.34
11/4/2005,8.29
11/3/2005,8.38
11/2/2005,8.27
11/1/2005,8.22
10/31/2005,8.32
10/28/2005,8.02
10/27/2005,8.14
10/26/2005,8.52
10/25/2005,8.63
10/24/2005,8.6
10/21/2005,8.25
10/20/2005,8.42
10/19/2005,8.47
10/18/2005,8.47
10/17/2005,8.66
10/14/2005,8.61
10/13/2005,8.99
10/12/2005,8.69
10/11/2005,8.71
10/10/2005,8.93
10/7/2005,9.23
10/6/2005,9.32
10/5/2005,9.42
10/4/2005,9.78
10/3/2005,9.89
9/30/2005,9.86
9/29/2005,9.86
9/28/2005,9.95
9/27/2005,9.85
9/26/2005,9.96
9/23/2005,9.79
9/22/2005,9.72
9/21/2005,9.66
9/20/2005,9.76
9/19/2005,9.71
9/16/2005,9.93
9/15/2005,9.86
9/14/2005,9.96
9/13/2005,9.82
9/12/2005,9.92
9/9/2005,9.9
9/8/2005,9.92
9/7/2005,10.13
9/6/2005,9.96
9/2/2005,9.86
9/1/2005,9.73
8/31/2005,9.97
8/30/2005,9.75
8/29/2005,9.77
8/26/2005,9.77
8/25/2005,9.82
8/24/2005,9.92
8/23/2005,9.8
8/22/2005,9.76
8/19/2005,9.76
8/18/2005,9.76
8/17/2005,9.93
8/16/2005,10.06
8/15/2005,10.15
8/12/2005,10.14
8/11/2005,10.36
8/10/2005,10.4
8/9/2005,10.44
8/8/2005,10.37
8/5/2005,10.36
8/4/2005,10.64
8/3/2005,10.75
8/2/2005,10.88
8/1/2005,10.85
7/29/2005,10.74
7/28/2005,10.9
7/27/2005,10.88
7/26/2005,10.86
7/25/2005,10.61
7/22/2005,10.72
7/21/2005,10.64
7/20/2005,10.93
7/19/2005,10.84
7/18/2005,10.93
7/15/2005,11
7/14/2005,10.89
7/13/2005,10.69
7/12/2005,10.78
7/11/2005,10.71
7/8/2005,10.42
7/7/2005,10.27
7/6/2005,10.35
7/5/2005,10.4
7/1/2005,10.31
6/30/2005,10.24
6/29/2005,10.41
6/28/2005,10.4
6/27/2005,10.12
6/24/2005,10.21
6/23/2005,10.4
6/22/2005,10.68
6/21/2005,11.17
6/20/2005,11.11
6/17/2005,11.28
6/16/2005,11.37
6/15/2005,11.16
6/14/2005,10.82
6/13/2005,10.52
6/10/2005,10.33
6/9/2005,10.02
6/8/2005,10.09
6/7/2005,10.06
6/6/2005,9.96
6/3/2005,9.9
6/2/2005,10.27
6/1/2005,9.92
5/31/2005,9.98
5/27/2005,10.07
5/26/2005,10.03
5/25/2005,9.96
5/24/2005,9.98
5/23/2005,10.17
5/20/2005,10
5/19/2005,10.01
5/18/2005,9.92
5/17/2005,9.31
5/16/2005,9.41
5/13/2005,9.3
5/12/2005,9.35
5/11/2005,9.64
5/10/2005,9.78
5/9/2005,9.95
5/6/2005,9.76
5/5/2005,9.7
5/4/2005,10.16
5/3/2005,9.47
5/2/2005,9.22
4/29/2005,9.11
4/28/2005,9.14
4/27/2005,9.44
4/26/2005,9.57
4/25/2005,9.79
4/22/2005,9.89
4/21/2005,9.82
4/20/2005,9.34
4/19/2005,9.28
4/18/2005,9.34
4/15/2005,9.5
4/14/2005,9.75
4/13/2005,10.05
4/12/2005,10.06
4/11/2005,10.44
4/8/2005,11.03
4/7/2005,11.3
4/6/2005,11.11
4/5/2005,11.1
4/4/2005,11.09
4/1/2005,11.18
3/31/2005,11.33
3/30/2005,11.44
3/29/2005,11.27
3/28/2005,11.22
3/24/2005,11.29
3/23/2005,10.99
3/22/2005,11.17
3/21/2005,11.51
3/18/2005,11.39
3/17/2005,11.67
3/16/2005,11.91
3/15/2005,12.23
3/14/2005,12.39
3/11/2005,12.39
3/10/2005,12.37
3/9/2005,12.34
3/8/2005,12.45
3/7/2005,12.52
3/4/2005,12.4
3/3/2005,12.5
3/2/2005,12.47
3/1/2005,12.67
2/28/2005,12.65
2/25/2005,13
2/24/2005,12.8
2/23/2005,12.81
2/22/2005,12.76
2/18/2005,12.96
2/17/2005,13
2/16/2005,13.25
2/15/2005,13.16
2/14/2005,13.1
2/11/2005,13.06
2/10/2005,13.1
2/9/2005,13.12
2/8/2005,13.16
2/7/2005,13.42
2/4/2005,13.22
2/3/2005,13.11
2/2/2005,13.27
2/1/2005,13.08
1/31/2005,13.17
1/28/2005,13.14
1/27/2005,13.19
1/26/2005,13.35
1/25/2005,13.23
1/24/2005,13.07
1/21/2005,13.11
1/20/2005,13.46
1/19/2005,13.93
1/18/2005,14.08
1/14/2005,14.06
1/13/2005,14.08
1/12/2005,14.32
1/11/2005,14.43
1/10/2005,14.55
1/7/2005,14.65
1/6/2005,14.45
1/5/2005,14.43
1/4/2005,14.66
1/3/2005,14.71
12/31/2004,14.64
12/30/2004,14.8
12/29/2004,14.74
12/28/2004,14.88
12/27/2004,14.74
12/23/2004,14.8
12/22/2004,14.83
12/21/2004,14.71
12/20/2004,14.66
12/17/2004,14.34
12/16/2004,14.22
12/15/2004,14.29
12/14/2004,14.32
12/13/2004,14.23
12/10/2004,14.22
12/9/2004,14.24
12/8/2004,14.21
12/7/2004,14.23
12/6/2004,14.27
12/3/2004,14.31
12/2/2004,14.23
12/1/2004,14.14
11/30/2004,14.18
11/29/2004,14.23
11/26/2004,14.25
11/24/2004,14.08
11/23/2004,14.09
11/22/2004,14.09
11/19/2004,14.15
11/18/2004,14.34
11/17/2004,14.31
11/16/2004,14.21
11/15/2004,14.35
11/12/2004,14.23
11/11/2004,14.25
11/10/2004,13.91
11/9/2004,14.08
11/8/2004,13.77
11/5/2004,13.81
11/4/2004,13.78
11/3/2004,13.25
11/2/2004,13.24
11/1/2004,13.23
10/29/2004,13.03
10/28/2004,13.16
10/27/2004,13.14
10/26/2004,12.85
10/25/2004,12.7
10/22/2004,12.97
10/21/2004,13.06
10/20/2004,12.9
10/19/2004,12.93
10/18/2004,13.39
10/15/2004,13.25
10/14/2004,13.12
10/13/2004,13.69
10/12/2004,13.82
10/11/2004,13.95
10/8/2004,13.95
10/7/2004,13.86
10/6/2004,14.18
10/5/2004,14.16
10/4/2004,14.15
10/1/2004,14.19
9/30/2004,14.05
9/29/2004,13.86
9/28/2004,13.92
9/27/2004,13.89
9/24/2004,13.8
9/23/2004,13.8
9/22/2004,14
9/21/2004,14.23
9/20/2004,14.13
9/17/2004,14.22
9/16/2004,13.95
9/15/2004,13.81
9/14/2004,13.98
9/13/2004,14.1
9/10/2004,13.96
9/9/2004,14.17
9/8/2004,14.25
9/7/2004,14.56
9/3/2004,14.21
9/2/2004,14.36
9/1/2004,13.9
8/31/2004,14.11
8/30/2004,13.96
8/27/2004,14.12
8/26/2004,13.97
8/25/2004,13.96
8/24/2004,13.91
8/23/2004,14.04
8/20/2004,14.11
8/19/2004,14
8/18/2004,14.3
8/17/2004,14.15
8/16/2004,14.06
8/13/2004,13.8
8/12/2004,13.86
8/11/2004,14.23
8/10/2004,14.32
8/9/2004,14.08
8/6/2004,14.07
8/5/2004,14.2
8/4/2004,14.69
8/3/2004,14.71
8/2/2004,15.05
7/30/2004,14.72
7/29/2004,14.95
7/28/2004,15.19
7/27/2004,14.88
7/26/2004,14.74
7/23/2004,14.67
7/22/2004,14.65
7/21/2004,14.53
7/20/2004,14.6
7/19/2004,14.98
7/16/2004,14.85
7/15/2004,15.03
7/14/2004,15.1
7/13/2004,15.15
7/12/2004,15.15
7/9/2004,15.16
7/8/2004,14.77
7/7/2004,14.96
7/6/2004,14.96
7/2/2004,14.95
7/1/2004,15.02
6/30/2004,15.65
6/29/2004,15.87
6/28/2004,15.65
6/25/2004,15.85
6/24/2004,16.15
6/23/2004,16.36
6/22/2004,16
6/21/2004,15.65
6/18/2004,15.89
6/17/2004,15.64
6/16/2004,15.63
6/15/2004,15.41
6/14/2004,15.22
6/10/2004,15.58
6/9/2004,15.4
6/8/2004,15.42
6/7/2004,15.2
6/4/2004,14.91
6/3/2004,14.75
6/2/2004,14.89
6/1/2004,15.04
5/28/2004,14.85
5/27/2004,15.04
5/26/2004,15.02
5/25/2004,14.68
5/24/2004,14.29
5/21/2004,14.24
5/20/2004,14.18
5/19/2004,14.08
5/18/2004,14.45
5/17/2004,14.27
5/14/2004,14.7
5/13/2004,14.41
5/12/2004,14.49
5/11/2004,14.38
5/10/2004,14.01
5/7/2004,14.4
5/6/2004,14.89
5/5/2004,15.12
5/4/2004,15.41
5/3/2004,15.27
4/30/2004,15.36
4/29/2004,15.37
4/28/2004,15.5
4/27/2004,16.03
4/26/2004,15.69
4/23/2004,15.7
4/22/2004,15.77
4/21/2004,14.94
4/20/2004,13.56
4/19/2004,13.35
4/16/2004,13.34
4/15/2004,13.12
4/14/2004,13.24
4/13/2004,13.41
4/12/2004,13.69
4/8/2004,13.59
4/7/2004,13.67
4/6/2004,14
4/5/2004,14.07
4/2/2004,13.66
4/1/2004,13.42
3/31/2004,13.57
3/30/2004,13.65
3/29/2004,13.41
3/26/2004,13.28
3/25/2004,13.18
3/24/2004,12.99
3/23/2004,12.89
3/22/2004,12.91
3/19/2004,13.06
3/18/2004,13.32
3/17/2004,13.37
3/16/2004,13.08
3/15/2004,13.02
3/12/2004,13.29
3/11/2004,13.02
3/10/2004,13.19
3/9/2004,13.53
3/8/2004,13.7
3/5/2004,14.1
3/4/2004,13.69
3/3/2004,13.88
3/2/2004,14.12
3/1/2004,13.99
2/27/2004,13.75
2/26/2004,13.66
2/25/2004,13.66
2/24/2004,13.59
2/23/2004,13.98
2/20/2004,14.17
2/19/2004,14.45
2/18/2004,14.39
2/17/2004,14.58
2/13/2004,14.36
2/12/2004,14.55
2/11/2004,14.64
2/10/2004,14.39
2/9/2004,14.16
2/6/2004,14.28
2/5/2004,14.15
2/4/2004,13.89
2/3/2004,13.72
2/2/2004,13.95
1/30/2004,14.54
1/29/2004,14.84
1/28/2004,15.58
1/27/2004,15.94
1/26/2004,15.96
1/23/2004,15.83
1/22/2004,16.43
1/21/2004,16.44
1/20/2004,16.21
1/16/2004,16.13
1/15/2004,16.05
1/14/2004,16.18
1/13/2004,16.28
1/12/2004,16.41
1/9/2004,16.56
1/8/2004,17.1
1/7/2004,16.99
1/6/2004,16.54
1/5/2004,16.59
1/2/2004,16.08
12/31/2003,16
12/30/2003,15.99
12/29/2003,16.16
12/26/2003,16.18
12/24/2003,16.2
12/23/2003,16.17
12/22/2003,16.79
12/19/2003,15.24
12/18/2003,14.92
12/17/2003,14.67
12/16/2003,14.35
12/15/2003,14.28
12/12/2003,13.72
12/11/2003,13.74
12/10/2003,13.33
12/9/2003,13.51
12/8/2003,13.22
12/5/2003,12.97
12/4/2003,13.1
12/3/2003,13.18
12/2/2003,12.92
12/1/2003,13.12
11/28/2003,13.2
11/26/2003,12.92
11/25/2003,13
11/24/2003,12.63
11/21/2003,12.35
11/20/2003,12.42
11/19/2003,12.58
11/18/2003,12.61
11/17/2003,12.71
11/14/2003,12.96
11/13/2003,13.14
11/12/2003,13.06
11/11/2003,12.31
11/10/2003,12.22
11/7/2003,12.19
11/6/2003,12.11
11/5/2003,12.17
11/4/2003,12.32
11/3/2003,12.22
10/31/2003,12.13
10/30/2003,12.15
10/29/2003,12.43
10/28/2003,12.4
10/27/2003,12.02
10/24/2003,11.9
10/23/2003,12.09
10/22/2003,11.85
10/21/2003,12.17
10/20/2003,12.39
10/17/2003,12.13
10/16/2003,12.34
10/15/2003,12.14
10/14/2003,11.95
10/13/2003,11.97
10/10/2003,11.7
10/9/2003,11.71
10/8/2003,11.5
10/7/2003,11.42
10/6/2003,11.39
10/3/2003,11.41
10/2/2003,11.02
10/1/2003,11.1
9/30/2003,10.77
9/29/2003,10.93
9/26/2003,11
9/25/2003,11.15
9/24/2003,11.26
9/23/2003,11.52
9/22/2003,11.47
9/19/2003,11.51
9/18/2003,11.73
9/17/2003,11.49
9/16/2003,11.63
9/15/2003,11.37
9/12/2003,11.6
9/11/2003,11.44
9/10/2003,11.38
9/9/2003,11.63
9/8/2003,11.83
9/5/2003,11.73
9/4/2003,11.87
9/3/2003,11.94
9/2/2003,12.31
8/29/2003,11.56
8/28/2003,11.44
8/27/2003,11.64
8/26/2003,11.41
8/25/2003,11.08
8/22/2003,11.23
8/21/2003,11.41
8/20/2003,11.22
8/19/2003,11.07
8/18/2003,10.9
8/15/2003,10.77
8/14/2003,10.76
8/13/2003,10.81
8/12/2003,10.73
8/11/2003,10.71
8/8/2003,10.71
8/7/2003,10.72
8/6/2003,10.65
8/5/2003,10.52
8/4/2003,10.84
8/1/2003,10.9
7/31/2003,11.06
7/30/2003,10.65
7/29/2003,10.83
7/28/2003,10.85
7/25/2003,10.97
7/24/2003,10.68
7/23/2003,10.59
7/22/2003,10.58
7/21/2003,10.55
7/18/2003,10.99
7/17/2003,10.83
7/16/2003,10.99
7/15/2003,11.64
7/14/2003,11.31
7/11/2003,11.29
7/10/2003,11.13
7/9/2003,11.12
7/8/2003,11.16
7/7/2003,11.19
7/3/2003,10.87
7/2/2003,10.87
7/1/2003,10.82
6/30/2003,10.99
6/27/2003,11.03
6/26/2003,11.23
6/25/2003,11.21
6/24/2003,11.35
6/23/2003,11.3
6/20/2003,11.52
6/19/2003,11.28
6/18/2003,11.52
6/17/2003,11.68
6/16/2003,11.23
6/13/2003,10.97
6/12/2003,11.27
6/11/2003,11.33
6/10/2003,11
6/9/2003,10.52
6/6/2003,10.71
6/5/2003,10.6
6/4/2003,10.56
6/3/2003,10.69
6/2/2003,11.07
5/30/2003,10.5
5/29/2003,10.08
5/28/2003,10.25
5/27/2003,10.14
5/23/2003,9.56
5/22/2003,9.72
5/21/2003,9.67
5/20/2003,9.62
5/19/2003,9.82
5/16/2003,10.02
5/15/2003,9.96
5/14/2003,10.02
5/13/2003,10.14
5/12/2003,10.04
5/9/2003,9.89
5/8/2003,9.92
5/7/2003,10
5/6/2003,10.03
5/5/2003,10.05
5/2/2003,10.04
5/1/2003,9.98
4/30/2003,10.3
4/29/2003,10.32
4/28/2003,10.16
4/25/2003,9.96
4/24/2003,10.5
4/23/2003,10.86
4/22/2003,10.32
4/21/2003,9.92
4/17/2003,9.41
4/16/2003,9.23
4/15/2003,8.35
4/14/2003,8.49
4/11/2003,8.1
4/10/2003,7.9
4/9/2003,7.94
4/8/2003,7.9
4/7/2003,8.05
4/4/2003,7.89
4/3/2003,7.88
4/2/2003,7.75
4/1/2003,7.48
3/31/2003,7.52
3/28/2003,7.41
3/27/2003,7.58
3/26/2003,7.65
3/25/2003,7.63
3/24/2003,7.56
3/21/2003,8.02
3/20/2003,7.5
3/19/2003,7.63
3/18/2003,7.55
3/17/2003,7.19
3/14/2003,6.76
3/13/2003,7.13
3/12/2003,7.08
3/11/2003,6.6
3/10/2003,6.99
3/7/2003,7.22
3/6/2003,7.45
3/5/2003,7.76
3/4/2003,7.74
3/3/2003,8.07
2/28/2003,8.32
2/27/2003,8.33
2/26/2003,8.11
2/25/2003,8.08
2/24/2003,8.29
2/21/2003,8.44
2/20/2003,8.65
2/19/2003,8.82
2/18/2003,8.93
2/14/2003,8.69
2/13/2003,8.44
2/12/2003,8.75
2/11/2003,8.85
2/10/2003,8.95
2/7/2003,8.8
2/6/2003,8.99
2/5/2003,9.09
2/4/2003,9.01
2/3/2003,9.2
1/31/2003,9.11
1/30/2003,9.01
1/29/2003,9.39
1/28/2003,9.57
1/27/2003,9.47
1/24/2003,9.75
1/23/2003,10.01
1/22/2003,9.74
1/21/2003,10.14
1/17/2003,10.16
1/16/2003,10.43
1/15/2003,10.3
1/14/2003,10.53
1/13/2003,10.58
1/10/2003,10.5
1/9/2003,10.23
1/8/2003,10.01
1/7/2003,10.13
1/6/2003,10.07
1/3/2003,9.68
1/2/2003,9.94
12/31/2002,9.3
12/30/2002,9.6
12/27/2002,9.58
12/26/2002,9.79
12/24/2002,9.6
12/23/2002,9.63
12/20/2002,9.78
12/19/2002,9.78
12/18/2002,9.71
12/17/2002,9.88
12/16/2002,9.94
12/13/2002,9.7
12/12/2002,9.85
12/11/2002,9.68
12/10/2002,9.62
12/9/2002,9.45
12/6/2002,9.88
12/5/2002,10.02
12/4/2002,10.15
12/3/2002,9.96
12/2/2002,11.45
11/29/2002,11.38
11/27/2002,11.03
11/26/2002,10.82
11/25/2002,10.88
11/22/2002,10.21
11/21/2002,10.32
11/20/2002,8.93
11/19/2002,8.55
11/18/2002,8.8
11/15/2002,8.65
11/14/2002,8.8
11/13/2002,8.52
11/12/2002,8.63
11/11/2002,8.5
11/8/2002,8.74
11/7/2002,8.8
11/6/2002,9.35
11/5/2002,8.9
11/4/2002,8.56
11/1/2002,8.43
10/31/2002,8.46
10/30/2002,8.42
10/29/2002,8.35
10/28/2002,8.78
10/25/2002,8.72
10/24/2002,8.86
10/23/2002,9.17
10/22/2002,9.4
10/21/2002,9.55
10/18/2002,8.26
10/17/2002,8.49
10/16/2002,8.26
10/15/2002,8.87
10/14/2002,7.93
10/11/2002,8.32
10/10/2002,7.6
10/9/2002,7.15
10/8/2002,7.75
10/7/2002,8.5
10/4/2002,8.66
10/3/2002,9.16
10/2/2002,9.33
10/1/2002,9.9
9/30/2002,9.8
9/27/2002,9.63
9/26/2002,10.11
9/25/2002,9.97
9/24/2002,9.34
9/23/2002,9.66
9/20/2002,9.77
9/19/2002,9.87
9/18/2002,10.26
9/17/2002,10.47
9/16/2002,10.69
9/13/2002,10.65
9/12/2002,10.89
9/11/2002,11.16
9/10/2002,10.9
9/9/2002,10.8
9/6/2002,10.2
9/5/2002,10.69
9/4/2002,11.05
9/3/2002,10.94
8/30/2002,11.77
8/29/2002,11.63
8/28/2002,11.63
8/27/2002,11.89
8/26/2002,12.08
8/23/2002,11.78
8/22/2002,12.17
8/21/2002,11.95
8/20/2002,11.91
8/19/2002,12.13
8/16/2002,11.39
8/15/2002,11.61
8/14/2002,11.35
8/13/2002,11.44
8/12/2002,11.64
8/9/2002,11.84
8/8/2002,11.92
8/7/2002,12.28
8/6/2002,12.16
8/5/2002,11.76
8/2/2002,12.45
8/1/2002,13.05
7/31/2002,13.47
7/30/2002,13.2
7/29/2002,13.13
7/26/2002,12.6
7/25/2002,12.56
7/24/2002,12.64
7/23/2002,12.1
7/22/2002,12.27
7/19/2002,12.39
7/18/2002,12.81
7/17/2002,12.52
7/16/2002,12.5
7/15/2002,12.8
7/12/2002,12.61
7/11/2002,13.18
7/10/2002,13.99
7/9/2002,15.11
7/8/2002,15.15
7/5/2002,15.69
7/3/2002,15.3
7/2/2002,15.76
7/1/2002,15.52
6/28/2002,16
6/27/2002,15.77
6/26/2002,15.75
6/25/2002,16.05
6/24/2002,15.85
6/21/2002,15.52
6/20/2002,15.73
6/19/2002,16.48
6/18/2002,16.92
6/17/2002,16.36
6/14/2002,15.89
6/13/2002,16.48
6/12/2002,16.68
6/11/2002,16.82
6/10/2002,16.79
6/7/2002,16.55
6/6/2002,16.75
6/5/2002,16.95
6/4/2002,16.92
6/3/2002,17.31
5/31/2002,17.65
5/30/2002,17.59
5/29/2002,17.73
5/28/2002,17.59
5/24/2002,17.74
5/23/2002,18.08
5/22/2002,18.19
5/21/2002,17.58
5/20/2002,16.73
5/17/2002,16.72
5/16/2002,16.58
5/15/2002,16.64
5/14/2002,16.49
5/13/2002,16.19
5/10/2002,15.83
5/9/2002,15.94
5/8/2002,16
5/7/2002,15.64
5/6/2002,15.93
5/3/2002,16.09
5/2/2002,16.1
5/1/2002,16.34
4/30/2002,16
4/29/2002,15.86
4/26/2002,16.3
4/25/2002,16.32
4/24/2002,16.22
4/23/2002,16.45
4/22/2002,16.05
4/19/2002,16.36
4/18/2002,15.87
4/17/2002,16.18
4/16/2002,15.86
4/15/2002,15.06
4/12/2002,15.34
4/11/2002,14.9
4/10/2002,15.6
4/9/2002,15.03
4/8/2002,15.11
4/5/2002,15.05
4/4/2002,15.14
4/3/2002,15.06
4/2/2002,15.37
4/1/2002,15.73
3/28/2002,16.49
3/27/2002,16.1
3/26/2002,16.09
3/25/2002,16.05
3/22/2002,16.67
3/21/2002,16.7
3/20/2002,16.5
3/19/2002,17.18
3/18/2002,17.07
3/15/2002,16.93
3/14/2002,16.91
3/13/2002,17.11
3/12/2002,17.01
3/11/2002,17.2
3/8/2002,16.81
3/7/2002,16.91
3/6/2002,16.35
3/5/2002,15.74
3/4/2002,16.17
3/1/2002,15.64
2/28/2002,14.88
2/27/2002,15.3
2/26/2002,15.55
2/25/2002,15.23
2/22/2002,14.58
2/21/2002,14.67
2/20/2002,14.5
2/19/2002,14.28
2/15/2002,14.62
2/14/2002,14.7
2/13/2002,14.99
2/12/2002,14.34
2/11/2002,14.3
2/8/2002,14.38
2/7/2002,14.53
2/6/2002,14.1
2/5/2002,14.04
2/4/2002,14.63
2/1/2002,14.9
1/31/2002,15.3
1/30/2002,14.87
1/29/2002,14.92
1/28/2002,15.06
1/25/2002,14.61
1/24/2002,14.45
1/23/2002,14.54
1/22/2002,14.43
1/18/2002,14.5
1/17/2002,14.7
1/16/2002,14.96
1/15/2002,15.04
1/14/2002,15.35
1/11/2002,15.5
1/10/2002,15.29
1/9/2002,16.31
1/8/2002,16.56
1/7/2002,16.5
1/4/2002,16.94
1/3/2002,16.73
1/2/2002,16.22
12/31/2001,15.72
12/28/2001,15.95
12/27/2001,15.74
12/26/2001,15.4
12/24/2001,15.33
12/21/2001,15.45
12/20/2001,15.25
12/19/2001,14.93
12/18/2001,15.08
12/17/2001,15
12/14/2001,16.1
12/13/2001,16.17
12/12/2001,16.65
12/11/2001,16.66
12/10/2001,16.66
12/7/2001,17.13
12/6/2001,17.36
12/5/2001,16.79
12/4/2001,17.74
12/3/2001,17.8
11/30/2001,18.94
11/29/2001,18.26
11/28/2001,17.91
11/27/2001,18.29
11/26/2001,18.58
11/23/2001,17.88
11/21/2001,17.13
11/20/2001,17.28
11/19/2001,17.55
11/16/2001,17.05
11/15/2001,16.77
11/14/2001,16.34
11/13/2001,16.43
11/12/2001,16.21
11/9/2001,16.46
11/8/2001,16.77
11/7/2001,16.28
11/6/2001,16.38
11/5/2001,16.18
11/2/2001,16.29
11/1/2001,16.37
10/31/2001,16.05
10/30/2001,16.05
10/29/2001,16.21
10/26/2001,16.66
10/25/2001,16.52
10/24/2001,16.06
10/23/2001,16.87
10/22/2001,16.55
10/19/2001,16.51
10/18/2001,16.77
10/17/2001,17.13
10/16/2001,17.68
10/15/2001,17.73
10/12/2001,17.73
10/11/2001,18
10/10/2001,18.13
10/9/2001,17.55
10/8/2001,17.29
10/5/2001,17.67
10/4/2001,17.24
10/3/2001,17.95
10/2/2001,17.8
10/1/2001,17.24
9/28/2001,17.35
9/27/2001,16.56
9/26/2001,16.38
9/25/2001,16.12
9/24/2001,16.43
9/21/2001,15.34
9/20/2001,15.49
9/19/2001,16.43
9/18/2001,16.93
9/17/2001,16.55
9/10/2001,19.4
9/7/2001,18.76
9/6/2001,19.4
9/5/2001,19.97
9/4/2001,20.25
8/31/2001,19.87
8/30/2001,19.76
8/29/2001,20.19
8/28/2001,20.32
8/27/2001,20.25
8/24/2001,20.39
8/23/2001,20.08
8/22/2001,20.31
8/21/2001,20.1
8/20/2001,20.4
8/17/2001,21.7
8/16/2001,23.47
8/15/2001,22.55
8/14/2001,22.99
8/13/2001,23.74
8/10/2001,24.77
8/9/2001,24.37
8/8/2001,24.37
8/7/2001,24.75
8/6/2001,24.65
8/3/2001,24.95
8/2/2001,25.12
8/1/2001,25.03
7/31/2001,25.47
7/30/2001,25.16
7/27/2001,25.26
7/26/2001,25.09
7/25/2001,25.5
7/24/2001,25.23
7/23/2001,25.52
7/20/2001,25.76
7/19/2001,25.64
7/18/2001,25.34
7/17/2001,25.72
7/16/2001,25
7/13/2001,25.6
7/12/2001,25.26
7/11/2001,25.32
7/10/2001,24.75
7/9/2001,24.37
7/6/2001,24.28
7/5/2001,25.03
7/3/2001,25.05
7/2/2001,25.09
6/29/2001,24.55
6/28/2001,24.81
6/27/2001,24.27
6/26/2001,24.79
6/25/2001,25.08
6/22/2001,25.19
6/21/2001,25.9
6/20/2001,24.65
6/19/2001,24.74
6/18/2001,25
6/15/2001,24.09
6/14/2001,24.48
6/13/2001,24.58
6/12/2001,24.66
6/11/2001,24.83
6/8/2001,24
6/7/2001,24.14
6/6/2001,24.22
6/5/2001,24.22
6/4/2001,24.59
6/1/2001,24.59
5/31/2001,24.35
5/30/2001,24.6
5/29/2001,24.99
5/25/2001,24.74
5/24/2001,25.65
5/23/2001,25.79
5/22/2001,25.98
5/21/2001,26.65
5/18/2001,27.13
5/17/2001,27.56
5/16/2001,28.09
5/15/2001,27.96
5/14/2001,27.8
5/11/2001,27.82
5/10/2001,28.42
5/9/2001,28.08
5/8/2001,28.16
5/7/2001,28.45
5/4/2001,29.08
5/3/2001,28.7
5/2/2001,29.25
5/1/2001,28.3
4/30/2001,29.48
4/27/2001,29.61
4/26/2001,29.2
4/25/2001,28.8
4/24/2001,29.67
4/23/2001,30.06
4/20/2001,30
4/19/2001,30.3
4/18/2001,30.71
4/17/2001,28.88
4/16/2001,29.18
4/12/2001,29
4/11/2001,28.18
4/10/2001,28.96
4/9/2001,29
4/6/2001,27.8
4/5/2001,28.35
4/4/2001,28.57
4/3/2001,27.37
4/2/2001,28.61
3/30/2001,28.12
3/29/2001,28.49
3/28/2001,27.94
3/27/2001,28.12
3/26/2001,28.99
3/23/2001,27.9
3/22/2001,27.81
3/21/2001,28.25
3/20/2001,28.82
3/19/2001,29.81
3/16/2001,28.43
3/15/2001,28.6
3/14/2001,28.69
3/13/2001,29.84
3/12/2001,30.25
3/9/2001,30.1
3/8/2001,30.35
3/7/2001,29.08
3/6/2001,29.04
3/5/2001,28.3
3/2/2001,28.06
3/1/2001,28.21
2/28/2001,27.81
2/27/2001,28.43
2/26/2001,28.6
2/23/2001,28.35
2/22/2001,27.51
2/21/2001,27.68
2/20/2001,27.71
2/16/2001,27.6
2/15/2001,28
2/14/2001,27.86
2/13/2001,27.92
2/12/2001,27.8
2/9/2001,26.92
2/8/2001,28.01
2/7/2001,27.26
2/6/2001,28.74
2/5/2001,28.45
2/2/2001,28.01
2/1/2001,28.37
1/31/2001,28.19
1/30/2001,28.3
1/29/2001,28.29
1/26/2001,28
1/25/2001,28.06
1/24/2001,27.75
1/23/2001,27
1/22/2001,27.13
1/19/2001,26.31
1/18/2001,27.19
1/17/2001,26.88
1/16/2001,27.13
1/12/2001,26.38
1/11/2001,26.94
1/10/2001,26.25
1/9/2001,26.44
1/8/2001,25.63
1/5/2001,26.25
1/4/2001,26.94
1/3/2001,25.13
1/2/2001,24.31
12/29/2000,23.44
12/28/2000,24.25
12/27/2000,23.56
12/26/2000,24
12/22/2000,22.81
12/21/2000,24.19
12/20/2000,22.13
12/19/2000,23.56
12/18/2000,23.5
12/15/2000,22.5
12/14/2000,23.25
12/13/2000,23.63
12/12/2000,23.63
12/11/2000,23.88
12/8/2000,24.13
12/7/2000,24
12/6/2000,23.88
12/5/2000,24.75
12/4/2000,23.81
12/1/2000,24.19
11/30/2000,22.75
11/29/2000,24.44
11/28/2000,24.13
11/27/2000,24.56
11/24/2000,24.06
11/22/2000,23.81
11/21/2000,24.38
11/20/2000,23.5
11/17/2000,24.94
11/16/2000,25
11/15/2000,26.25
11/14/2000,25.31
11/13/2000,25.31
11/10/2000,25.06
11/9/2000,25.44
11/8/2000,24.81
11/7/2000,25
11/6/2000,26.44
11/3/2000,25.31
11/2/2000,26.06
11/1/2000,25.81
10/31/2000,26.13
10/30/2000,26.5
10/27/2000,25.56
10/26/2000,25.13
10/25/2000,25.13
10/24/2000,25.81
10/23/2000,25.19
10/20/2000,25.06
10/19/2000,25.63
10/18/2000,25.06
10/17/2000,24.44
10/16/2000,24.63
10/13/2000,25.38
10/12/2000,23.38
10/11/2000,24.13
10/10/2000,25.13
10/9/2000,25.88
10/6/2000,25.31
10/5/2000,25.94
10/4/2000,26.38
10/3/2000,25.63
10/2/2000,26.06
9/29/2000,25.5
9/28/2000,25.06
9/27/2000,24.75
9/26/2000,24.38
9/25/2000,25.44
9/22/2000,25.63
9/21/2000,23.63
9/20/2000,25.06
9/19/2000,25.75
9/18/2000,26
9/15/2000,25.88
9/14/2000,25.88
9/13/2000,25.31
9/12/2000,25.06
9/11/2000,26
9/8/2000,26.31
9/7/2000,25.88
9/6/2000,26.06
9/5/2000,27.44
9/1/2000,25
8/31/2000,24.25
8/30/2000,25.88
8/29/2000,25.25
8/28/2000,26.19
8/25/2000,27.63
8/24/2000,27.75
8/23/2000,27.38
8/22/2000,28
8/21/2000,27.25
8/18/2000,27.75
8/17/2000,27.06
8/16/2000,28.31
8/15/2000,28.44
8/14/2000,29
8/11/2000,29.13
8/10/2000,29.5
8/9/2000,29.5
8/8/2000,29.5
8/7/2000,29.19
8/4/2000,29.12
8/3/2000,29.25
8/2/2000,46.56
8/1/2000,46.88
7/31/2000,46.56
7/28/2000,46.13
7/27/2000,47
7/26/2000,46.75
7/25/2000,47.31
7/24/2000,46.81
7/21/2000,47.38
7/20/2000,47.38
7/19/2000,47.44
7/18/2000,46.94
7/17/2000,46.34
7/14/2000,47.5
7/13/2000,48.19
7/12/2000,48.31
7/11/2000,47.81
7/10/2000,46.75
7/7/2000,46.25
7/6/2000,46.31
7/5/2000,44.81
7/3/2000,43.94
6/30/2000,43
6/29/2000,43.25
6/28/2000,44
6/27/2000,42.88
6/26/2000,42.88
6/23/2000,44.44
6/22/2000,43.69
6/21/2000,43.69
6/20/2000,43
6/19/2000,44.63
6/16/2000,45
6/15/2000,46
6/14/2000,48.25
6/13/2000,49.94
6/12/2000,50.13
6/9/2000,49.88
6/8/2000,49
6/7/2000,49.44
6/6/2000,50
6/5/2000,50.88
6/2/2000,48.38
6/1/2000,49.5
5/31/2000,48.56
5/30/2000,49.06
5/26/2000,48.19
5/25/2000,50.69
5/24/2000,51.94
5/23/2000,51.38
5/22/2000,51.25
5/19/2000,53.44
5/18/2000,53.63
5/17/2000,52.38
5/16/2000,53.19
5/15/2000,52.38
5/12/2000,53.38
5/11/2000,52.94
5/10/2000,52.25
5/9/2000,53.06
5/8/2000,53.56
5/5/2000,52.88
5/4/2000,52.63
5/3/2000,53.06
5/2/2000,53.25
5/1/2000,54.06
4/28/2000,54.75
4/27/2000,55.13
4/26/2000,55
4/25/2000,55
4/24/2000,55.31
4/20/2000,55.13
4/19/2000,55
4/18/2000,55.38
4/17/2000,57.06
4/14/2000,52.25
4/13/2000,54.44
4/12/2000,53.63
4/11/2000,51.94
4/10/2000,51.06
4/7/2000,48.38
4/6/2000,49.94
4/5/2000,49.31
4/4/2000,49.06
4/3/2000,47
3/31/2000,45.94
3/30/2000,46.63
3/29/2000,44.81
3/28/2000,44.5
3/27/2000,44.19
3/24/2000,44.63
3/23/2000,44.5
3/22/2000,44
3/21/2000,45.81
3/20/2000,43.75
3/17/2000,44.63
3/16/2000,43.81
3/15/2000,44.06
3/14/2000,41
3/13/2000,42.56
3/10/2000,41.06
3/9/2000,41.63
3/8/2000,42.56
3/7/2000,41.13
3/6/2000,41.94
3/3/2000,42.69
3/2/2000,41.38
3/1/2000,41.59
2/29/2000,41.63
2/28/2000,42.69
2/25/2000,42.94
2/24/2000,42.5
2/23/2000,43
2/22/2000,44.06
2/18/2000,43.38
2/17/2000,45.88
2/16/2000,46.31
2/15/2000,46.38
2/14/2000,47.06
2/11/2000,46.13
2/10/2000,47
2/9/2000,47.19
2/8/2000,48.13
2/7/2000,47.94
2/4/2000,48.06
2/3/2000,48.75
2/2/2000,48.63
2/1/2000,49.81
1/31/2000,49.75
1/28/2000,49
1/27/2000,49.94
1/26/2000,48
1/25/2000,50.13
1/24/2000,51.13
1/21/2000,50.44
1/20/2000,52.22
1/19/2000,53.44
1/18/2000,54.25
1/14/2000,51.75
1/13/2000,53.06
1/12/2000,53.69
1/11/2000,52.19
1/10/2000,53.63
1/7/2000,54.63
1/6/2000,50.88
1/5/2000,50.81
1/4/2000,50.63
1/3/2000,52.38
12/31/1999,53.31
12/30/1999,53.56
12/29/1999,52.88
12/28/1999,52.69
12/27/1999,52.38
12/23/1999,52.81
12/22/1999,51
12/21/1999,50.75
12/20/1999,50.5
12/17/1999,50.06
12/16/1999,49.69
12/15/1999,49.44
12/14/1999,48.5
12/13/1999,48.88
12/10/1999,48.94
12/9/1999,50.31
12/8/1999,50.45
12/7/1999,50.13
12/6/1999,52.38
12/3/1999,52.31
12/2/1999,50.5
12/1/1999,50.63
11/30/1999,50.5
11/29/1999,51.31
11/26/1999,50.63
11/24/1999,51.56
11/23/1999,50.5
11/22/1999,50.69
11/19/1999,50.44
11/18/1999,50.75
11/17/1999,52.63
11/16/1999,54.63
11/15/1999,54.63
11/12/1999,53.38
11/11/1999,53.25
11/10/1999,53.75
11/9/1999,54.06
11/8/1999,53.63
11/5/1999,53.69
11/4/1999,53.06
11/3/1999,53.75
11/2/1999,54.38
11/1/1999,54.63
